chemical,Drug
CIDs00000187,Acetylcholine
CIDs00000204,Allantoin
CIDs00000205,Threonine
CIDs00000222,Ammonia
CIDs00000232,Arginine
CIDs00000236,Asparagine
CIDs00000239,Beta-Alanine
CIDs00000244,Benzyl Alcohol
CIDs00000247,Betaine
CIDs00000280,Carbon Dioxide
CIDs00000305,Choline
CIDs00000307,Cinnamaldehyde
CIDs00000308,Cinnamyl Alcohol
CIDs00000311,Citric Acid
CIDs00000444,Bupropion
CIDs00000460,Guaiacol
CIDs00000602,Alanine
CIDs00000681,Dopamine
CIDs00000700,Ethanolamine
CIDs00000702,Ethanol
CIDs00000750,Glycine
CIDs00000753,Glycerol
CIDs00000772,Heparin
CIDs00000773,Histidine
CIDs00000774,Histamine
CIDs00000784,Hydrogen Peroxide
CIDs00000791,Isoleucine
CIDs00000857,Leucine
CIDs00000866,Lysine
CIDs00000876,Methionine
CIDs00000896,Melatonin
CIDs00000977,Oxygen
CIDs00000994,Phenylalanine
CIDs00000996,Phenol
CIDs00001046,Pyrazinamide
CIDs00001123,Taurine
CIDs00001153,Tyrosine
CIDs00001174,Uracil
CIDs00001775,Phenytoin
CIDs00001935,Tacrine
CIDs00001978,Acebutolol
CIDs00001981,Acemetacin
CIDs00001983,Paracetamol
CIDs00001986,Acetazolamide
CIDs00001989,Acetohexamide
CIDs00002073,Ajmaline
CIDs00002082,Albendazole
CIDs00002083,Salbutamol
CIDs00002092,Alfuzosin
CIDs00002118,Alprazolam
CIDs00002130,Amantadine
CIDs00002141,Amifostine
CIDs00002145,Aminoglutethimide
CIDs00002153,Theophylline
CIDs00002159,Amisulpride
CIDs00002160,Amitriptyline
CIDs00002162,Amlodipine
CIDs00002170,Amoxapine
CIDs00002179,Amsacrine
CIDs00002187,Anastrozole
CIDs00002200,Antazoline
CIDs00002202,Dithranol
CIDs00002216,Apraclonidine
CIDs00002244,Aspirin
CIDs00002247,Astemizole
CIDs00002249,Atenolol
CIDs00002265,Azathioprine
CIDs00002266,Azelaic Acid
CIDs00002267,Azelastine
CIDs00002284,Baclofen
CIDs00002315,Bendrofluazide
CIDs00002327,Benserazide
CIDs00002333,Benzbromarone
CIDs00002337,Benzocaine
CIDs00002343,Benzthiazide
CIDs00002349,Penicillin
CIDs00002366,Betahistine
CIDs00002368,Bethanidine
CIDs00002369,Betaxolol
CIDs00002370,Bethanechol
CIDs00002375,Bicalutamide
CIDs00002378,Bifonazole
CIDs00002381,Biperiden
CIDs00002405,Bisoprolol
CIDs00002431,Bretylium
CIDs00002435,Brimonidine
CIDs00002441,Bromazepam
CIDs00002450,Bronopol
CIDs00002466,Bufexamac
CIDs00002471,Bumetanide
CIDs00002474,Bupivacaine
CIDs00002477,Buspirone
CIDs00002484,Butenafine
CIDs00002519,Caffeine
CIDs00002520,Verapamil
CIDs00002537,Camphor
CIDs00002541,Candesartan
CIDs00002554,Carbamazepine
CIDs00002564,Carbinoxamine
CIDs00002576,Carisoprodol
CIDs00002583,Carteolol
CIDs00002585,Carvedilol
CIDs00002662,Celecoxib
CIDs00002663,Celiprolol
CIDs00002678,Cetirizine
CIDs00002707,Chloral Hydrate
CIDs00002708,Chlorambucil
CIDs00002712,Chlordiazepoxide
CIDs00002717,Chlormezanone
CIDs00002719,Chloroquine
CIDs00002723,Chloroxylenol
CIDs00002725,Chlorpheniramine
CIDs00002726,Chlorpromazine
CIDs00002727,Chlorpropamide
CIDs00002732,Chlorthalidone
CIDs00002754,Cilostazol
CIDs00002756,Cimetidine
CIDs00002762,Cinoxacin
CIDs00002763,Ciprofibrate
CIDs00002764,Ciprofloxacin
CIDs00002769,Cisapride
CIDs00002771,Citalopram
CIDs00002782,Clemizole
CIDs00002783,Clenbuterol
CIDs00002788,Clioquinol
CIDs00002789,Clobazam
CIDs00002794,Clofazimine
CIDs00002796,Clofibrate
CIDs00002801,Clomipramine
CIDs00002802,Clonazepam
CIDs00002803,Clonidine
CIDs00002804,Clopamide
CIDs00002812,Clotrimazole
CIDs00002893,Cyclandelate
CIDs00002895,Cyclobenzaprine
CIDs00002898,Cyclofenil
CIDs00002904,Cyclopenthiazide
CIDs00002905,Cyclopentolate
CIDs00002907,Cyclophosphamide
CIDs00002913,Cyproheptadine
CIDs00002950,Danthron
CIDs00002955,Dapsone
CIDs00002972,Deferiprone
CIDs00002993,Dequalinium
CIDs00002995,Desipramine
CIDs00002998,Nonivamide
CIDs00003016,Diazepam
CIDs00003019,Diazoxide
CIDs00003037,Dichlorophen
CIDs00003038,Dichlorphenamide
CIDs00003042,Dicyclomine
CIDs00003054,Diethylstilbestrol
CIDs00003059,Diflunisal
CIDs00003100,Diphenhydramine
CIDs00003103,Diphenylpyraline
CIDs00003108,Dipyridamole
CIDs00003114,Disopyramide
CIDs00003117,Disulfiram
CIDs00003148,Dolasetron
CIDs00003151,Domperidone
CIDs00003152,Donepezil
CIDs00003156,Doxapram
CIDs00003157,Doxazosin
CIDs00003162,Doxylamine
CIDs00003168,Droperidol
CIDs00003191,Ebastine
CIDs00003198,Econazole
CIDs00003202,Edrophonium
CIDs00003219,Emedastine
CIDs00003226,Enflurane
CIDs00003229,Enoxacin
CIDs00003278,Ethacrynic Acid
CIDs00003283,Ether
CIDs00003291,Ethosuximide
CIDs00003307,Etizolam
CIDs00003314,Eugenol
CIDs00003324,Famciclovir
CIDs00003331,Felbamate
CIDs00003333,Felodipine
CIDs00003335,Fenbufen
CIDs00003337,Fenfluramine
CIDs00003339,Fenofibrate
CIDs00003342,Fenoprofen
CIDs00003345,Fentanyl
CIDs00003348,Fexofenadine
CIDs00003354,Flavoxate
CIDs00003365,Fluconazole
CIDs00003366,Flucytosine
CIDs00003371,Flufenamic Acid
CIDs00003372,Fluphenazine
CIDs00003373,Flumazenil
CIDs00003380,Flunitrazepam
CIDs00003386,Fluoxetine
CIDs00003393,Flurazepam
CIDs00003394,Flurbiprofen
CIDs00003396,Fluspirilene
CIDs00003397,Flutamide
CIDs00003410,Formoterol
CIDs00003440,Furosemide
CIDs00003446,Gabapentin
CIDs00003463,Gemfibrozil
CIDs00003467,Gentamicin
CIDs00003475,Gliclazide
CIDs00003476,Glimepiride
CIDs00003485,Glutaraldehyde
CIDs00003487,Glutethimide
CIDs00003488,Glibenclamide
CIDs00003510,Granisetron
CIDs00003518,Guanethidine
CIDs00003519,Guanfacine
CIDs00003559,Haloperidol
CIDs00003562,Halothane
CIDs00003607,Hexetidine
CIDs00003610,Hexylresorcinol
CIDs00003637,Hydralazine
CIDs00003639,Hydrochlorothiazide
CIDs00003647,Hydroflumethiazide
CIDs00003652,Hydroxychloroquine
CIDs00003657,Hydroxyurea
CIDs00003658,Hydroxyzine
CIDs00003672,Ibuprofen
CIDs00003675,Phenelzine
CIDs00003676,Lidocaine
CIDs00003686,Idebenone
CIDs00003690,Ifosfamide
CIDs00003696,Imipramine
CIDs00003702,Indapamide
CIDs00003715,Indomethacin
CIDs00003720,Inositol Nicotinate
CIDs00003724,Iodixanol
CIDs00003730,Iohexol
CIDs00003731,Iomeprol
CIDs00003735,Iopanoic Acid
CIDs00003736,Iopromide
CIDs00003738,Iotrolan
CIDs00003739,Iodipamide
CIDs00003741,Ioversol
CIDs00003748,Iproniazid
CIDs00003749,Irbesartan
CIDs00003759,Isocarboxazid
CIDs00003760,Isoconazole
CIDs00003763,Isoflurane
CIDs00003767,Isoniazid
CIDs00003775,Isopropamide
CIDs00003778,Propyphenazone
CIDs00003783,Isoxsuprine
CIDs00003784,Isradipine
CIDs00003792,Itopride
CIDs00003821,Ketamine
CIDs00003822,Ketanserin
CIDs00003826,Ketorolac
CIDs00003827,Ketotifen
CIDs00003869,Labetalol
CIDs00003878,Lamotrigine
CIDs00003879,Lanatoside C
CIDs00003883,Lansoprazole
CIDs00003899,Leflunomide
CIDs00003902,Letrozole
CIDs00003926,Lidoflazine
CIDs00003947,Lofepramine
CIDs00003948,Lomefloxacin
CIDs00003950,Lomustine
CIDs00003957,Loratadine
CIDs00003958,Lorazepam
CIDs00003961,Losartan
CIDs00003964,Loxapine
CIDs00004004,Malathion
CIDs00004011,Maprotiline
CIDs00004020,Mazindol
CIDs00004030,Mebendazole
CIDs00004031,Mebeverine
CIDs00004041,Medazepam
CIDs00004044,Mefenamic Acid
CIDs00004047,Mefruside
CIDs00004054,Memantine
CIDs00004057,Mepenzolate
CIDs00004062,Mepivacaine
CIDs00004064,Meprobamate
CIDs00004066,Mequitazine
CIDs00004075,Mesalazine
CIDs00004089,Methenolone Enanthate
CIDs00004091,Metformin
CIDs00004093,Methacrylic Acid
CIDs00004095,Methadone
CIDs00004107,Methocarbamol
CIDs00004116,Methoxyflurane
CIDs00004121,Methyclothiazide
CIDs00004138,Methyldopa
CIDs00004158,Methylphenidate
CIDs00004168,Metoclopramide
CIDs00004170,Metolazone
CIDs00004171,Metoprolol
CIDs00004173,Metronidazole
CIDs00004174,Metyrapone
CIDs00004178,Mexiletine
CIDs00004184,Mianserin
CIDs00004189,Miconazole
CIDs00004192,Midazolam
CIDs00004195,Midodrine
CIDs00004197,Milrinone
CIDs00004201,Minoxidil
CIDs00004205,Mirtazapine
CIDs00004211,Mitotane
CIDs00004235,Moclobemide
CIDs00004236,Modafinil
CIDs00004274,Tetrofosmin
CIDs00004409,Nabumetone
CIDs00004417,Naftidrofuryl
CIDs00004421,Nalidixic Acid
CIDs00004440,Naratriptan
CIDs00004449,Nefazodone
CIDs00004450,Nefopam
CIDs00004456,Neostigmine
CIDs00004458,Geraniol
CIDs00004463,Nevirapine
CIDs00004477,Niclosamide
CIDs00004485,Nifedipine
CIDs00004497,Nimodipine
CIDs00004499,Nisoldipine
CIDs00004506,Nitrazepam
CIDs00004507,Nitrendipine
CIDs00004510,Glyceryl Trinitrate
CIDs00004539,Norfloxacin
CIDs00004543,Nortriptyline
CIDs00004583,Ofloxacin
CIDs00004594,Omeprazole
CIDs00004595,Ondansetron
CIDs00004601,Orphenadrine
CIDs00004609,Oxaliplatin
CIDs00004612,Oxamniquine
CIDs00004615,Oxatomide
CIDs00004616,Oxazepam
CIDs00004621,Oxethazaine
CIDs00004631,Oxprenolol
CIDs00004633,Oxybuprocaine
CIDs00004634,Oxybutynin
CIDs00004636,Oxymetazoline
CIDs00004640,Oxypertine
CIDs00004641,Oxyphenbutazone
CIDs00004679,Pantoprazole
CIDs00004680,Papaverine
CIDs00004723,Pemoline
CIDs00004735,Pentamidine
CIDs00004737,Pentobarbital
CIDs00004740,Pentoxifylline
CIDs00004748,Perphenazine
CIDs00004754,Phenacetin
CIDs00004756,Phenazopyridine
CIDs00004760,Phenindione
CIDs00004761,Pheniramine
CIDs00004762,Phenmetrazine
CIDs00004763,Phenobarbital
CIDs00004764,Phenolphthalein
CIDs00004767,Phenothrin
CIDs00004768,Phenoxybenzamine
CIDs00004771,Phentermine
CIDs00004781,Phenylbutazone
CIDs00004786,Phenylpropanolamine
CIDs00004810,Moxonidine
CIDs00004828,Pindolol
CIDs00004829,Pioglitazone
CIDs00004837,Piperazine
CIDs00004843,Piracetam
CIDs00004848,Pirenzepine
CIDs00004849,Piretanide
CIDs00004873,Potassium Chloride
CIDs00004875,Potassium Iodide
CIDs00004883,Practolol
CIDs00004890,Prazepam
CIDs00004891,Praziquantel
CIDs00004893,Prazosin
CIDs00004906,Prilocaine
CIDs00004909,Primidone
CIDs00004911,Probenecid
CIDs00004912,Probucol
CIDs00004913,Procainamide
CIDs00004914,Procaine
CIDs00004915,Procarbazine
CIDs00004917,Prochlorperazine
CIDs00004919,Procyclidine
CIDs00004926,Promazine
CIDs00004927,Promethazine
CIDs00004932,Propafenone
CIDs00004934,Propantheline
CIDs00004942,Propiverine
CIDs00004943,Propofol
CIDs00004946,Propranolol
CIDs00004949,Propyliodone
CIDs00004976,Protriptyline
CIDs00004991,Pyridostigmine
CIDs00004992,Mepyramine
CIDs00004993,Pyrimethamine
CIDs00005002,Quetiapine
CIDs00005029,Rabeprazole
CIDs00005035,Raloxifene
CIDs00005054,Resorcinol
CIDs00005070,Riluzole
CIDs00005073,Risperidone
CIDs00005078,Rizatriptan
CIDs00005090,Rofecoxib
CIDs00005095,Ropinirole
CIDs00005147,Salicylamide
CIDs00005152,Salmeterol
CIDs00005161,Salsalate
CIDs00005206,Sevoflurane
CIDs00005210,Sibutramine
CIDs00005235,Sodium Fluoride
CIDs00005241,Ipodate
CIDs00005251,Sorbic Acid
CIDs00005253,Sotalol
CIDs00005291,Imatinib
CIDs00005314,Suxamethonium
CIDs00005318,Sulconazole
CIDs00005319,Sulfabenzamide
CIDs00005324,Sulfaguanidine
CIDs00005355,Sulpiride
CIDs00005356,Sulthiame
CIDs00005358,Sumatriptan
CIDs00005359,Suprofen
CIDs00005376,Tamoxifen
CIDs00005381,Tazarotene
CIDs00005386,Tegafur
CIDs00005391,Temazepam
CIDs00005394,Temozolomide
CIDs00005401,Terazosin
CIDs00005403,Terbutaline
CIDs00005405,Terfenadine
CIDs00005411,Tetracaine
CIDs00005426,Thalidomide
CIDs00005430,Thiabendazole
CIDs00005440,Thiethylperazine
CIDs00005452,Thioridazine
CIDs00005453,Thiotepa
CIDs00005455,Thiram
CIDs00005468,Tiaprofenic Acid
CIDs00005472,Ticlopidine
CIDs00005479,Tinidazole
CIDs00005482,Tioconazole
CIDs00005483,Tiopronin
CIDs00005487,Tizanidine
CIDs00005503,Tolazamide
CIDs00005505,Tolbutamide
CIDs00005510,Tolnaftate
CIDs00005511,Tolperisone
CIDs00005526,Tranexamic Acid
CIDs00005530,Tranylcypromine
CIDs00005533,Trazodone
CIDs00005556,Triazolam
CIDs00005563,Triclofos
CIDs00005564,Triclosan
CIDs00005566,Trifluoperazine
CIDs00005574,Trimeprazine
CIDs00005578,Trimethoprim
CIDs00005584,Trimipramine
CIDs00005593,Tropicamide
CIDs00005606,Tulobuterol
CIDs00005625,Delavirdine
CIDs00005656,Venlafaxine
CIDs00005665,Vigabatrin
CIDs00005666,Viloxazine
CIDs00005709,Xylometazoline
CIDs00005717,Zafirlukast
CIDs00005719,Zaleplon
CIDs00005732,Zolpidem
CIDs00005733,Zomepirac
CIDs00005734,Zonisamide
CIDs00005735,Zopiclone
CIDs00005736,Zotepine
CIDs00005743,Dexamethasone
CIDs00005755,Prednisolone
CIDs00005757,Estradiol
CIDs00005770,Reserpine
CIDs00005773,Cephaloridine
CIDs00005775,Phentolamine
CIDs00005780,Sorbitol
CIDs00005809,Hyoscine
CIDs00005833,Spironolactone
CIDs00005865,Prednisone
CIDs00005870,Estrone
CIDs00005878,Oxandrolone
CIDs00005906,Metaraminol
CIDs00005950,Alanine
CIDs00005956,Felypressin
CIDs00005959,Chloramphenicol
CIDs00005960,Aspartic Acid
CIDs00005962,Lysine
CIDs00005978,Vincristine
CIDs00005988,Sucrose
CIDs00005994,Progesterone
CIDs00006011,Drostanolone
CIDs00006013,Testosterone
CIDs00006018,Tetrabenazine
CIDs00006024,Cephalothin
CIDs00006032,Kanamycin
CIDs00006041,Phenylephrine
CIDs00006047,Levodopa
CIDs00006057,Tyrosine
CIDs00006087,Methicillin
CIDs00006098,Cloxacillin
CIDs00006106,Leucine
CIDs00006129,Carbaryl
CIDs00006137,Methionine
CIDs00006140,Phenylalanine
CIDs00006167,Colchicine
CIDs00006212,Chloroform
CIDs00006234,Cycloserine
CIDs00006249,Ampicillin
CIDs00006251,Mannitol
CIDs00006256,Trifluridine
CIDs00006262,Ornithine
CIDs00006267,Asparagine
CIDs00006274,Histidine
CIDs00006288,Threonine
CIDs00006291,Mestranol
CIDs00006301,Chlorquinaldol
CIDs00006305,Tryptophan
CIDs00006306,Isoleucine
CIDs00006319,"N,N'-Diphenyl-P-Phenylenediamine"
CIDs00006322,Arginine
CIDs00006374,Iodoform
CIDs00006389,Trichlorofluoromethane
CIDs00006391,Dichlorodifluoromethane
CIDs00006469,Ethoheptazine
CIDs00006616,Camphene
CIDs00006654,Alpha-Pinene
CIDs00006674,Dehydrocholic Acid
CIDs00006729,Buclizine
CIDs00006741,Methylprednisolone
CIDs00006742,Deoxycholic Acid
CIDs00006880,Glycol Salicylate
CIDs00006982,Chlorothymol
CIDs00006989,Thymol
CIDs00007028,Pseudoephedrine
CIDs00007099,Proflavine
CIDs00007151,Methyl Nicotinate
CIDs00007187,Benzoyl Peroxide
CIDs00007191,Benzyl Nicotinate
CIDs00007338,Isoeugenol
CIDs00007697,Chlorphenesin
CIDs00007888,Hydroxycitronellal
CIDs00008042,Isopropyl Myristate
CIDs00008223,Ergotamine
CIDs00008378,Neomycin
CIDs00008549,Quinine
CIDs00008567,Meglumine
CIDs00009051,Dydrogesterone
CIDs00009053,Fluocortolone
CIDs00009294,Ephedrine
CIDs00009331,Piritramide
CIDs00009363,Ethamivan
CIDs00009417,Opipramol
CIDs00009433,Aminophylline
CIDs00009642,Fluocinonide
CIDs00009648,Dextromoramide
CIDs00009651,Galantamine
CIDs00009681,Methysergide
CIDs00009782,Betamethasone
CIDs00009878,Fluorometholone
CIDs00009904,Nandrolone
CIDs00010188,Dichloralphenazone
CIDs00010235,Cytisine
CIDs00010275,Amiphenazole
CIDs00010531,Dihydroergotamine
CIDs00010607,Podophyllotoxin
CIDs00010616,Ambucetamide
CIDs00010660,Dimenhydrinate
CIDs00010783,Chlormethiazole
CIDs00010987,Strontium Acetate
CIDs00011226,Phenoperidine
CIDs00011333,Lactulose
CIDs00011367,Diloxanide
CIDs00012555,Benzydamine
CIDs00012560,Erythromycin
CIDs00012597,Isosorbide
CIDs00013109,Levonorgestrel
CIDs00013314,Lormetazepam
CIDs00013342,Vinblastine
CIDs00013355,Sodium Tartrate
CIDs00013505,Diphenoxylate
CIDs00014687,Ethynodiol
CIDs00014759,Amylmetacresol
CIDs00014781,Hydroxyapatite
CIDs00014791,Magnesium Hydroxide
CIDs00014792,Magnesium Oxide
CIDs00014797,Potassium Hydroxide
CIDs00014866,Nicoboxil
CIDs00014888,Arsenic Trioxide
CIDs00015020,Mesterolone
CIDs00015209,Flurandrenolone
CIDs00015376,Vincamine
CIDs00015459,Metaxalone
CIDs00015541,Spectinomycin
CIDs00016229,Bamifylline
CIDs00016362,Pimozide
CIDs00016363,Benperidol
CIDs00016490,Flumethasone
CIDs00016850,Fluorescein
CIDs00016887,Fast Green Fcf
CIDs00017100,Terpineol
CIDs00017134,Sulfadoxine
CIDs00017477,Ioglycamic Acid
CIDs00017506,Ethamsylate
CIDs00018283,Stavudine
CIDs00018381,Dicloxacillin
CIDs00019005,Zinc Carbonate
CIDs00019090,Megestrol
CIDs00019861,Azatadine
CIDs00020824,Carbenicillin
CIDs00021102,Benorylate
CIDs00021109,Trimetazidine
CIDs00021319,Flucloxacillin
CIDs00021722,Iprindole
CIDs00021855,Dimethindene
CIDs00022530,Mebhydrolin
CIDs00023009,Nimorazole
CIDs00023327,Glutamic Acid
CIDs00023926,Lanthanum
CIDs00023930,Manganese
CIDs00023932,Molybdenum
CIDs00023957,Technetium-99m
CIDs00023987,Helium
CIDs00024066,Zalcitabine
CIDs00024266,Sodium Monofluorophosphate
CIDs00024360,Camptothecin
CIDs00024403,Sodium Pyrophosphate
CIDs00024434,Potassium Nitrate
CIDs00024470,Silver Nitrate
CIDs00024502,Potassium Dichromate
CIDs00024550,Stannous Fluoride
CIDs00024699,Glyceryl Monostearate
CIDs00024766,Chondroitin Sulfate
CIDs00025249,Stanozolol
CIDs00025654,Reproterol
CIDs00026346,Cannabidiol
CIDs00026447,Menthone
CIDs00026476,Technetium-99m
CIDs00026618,Xipamide
CIDs00026757,Selegiline
CIDs00026879,Levamisole
CIDs00027125,Estetrol
CIDs00027400,Pizotifen
CIDs00027812,Gestrinone
CIDs00027991,Desmopressin
CIDs00028417,Danazol
CIDs00028693,Metergoline
CIDs00030623,Razoxane
CIDs00030951,Alclofenac
CIDs00031072,Carbimazole
CIDs00031307,Triamcinolone
CIDs00031378,Fludrocortisone
CIDs00031477,Metipranolol
CIDs00033032,Glutamic Acid
CIDs00033624,Timolol
CIDs00033625,Indoramin
CIDs00033672,Carfecillin
CIDs00033741,Tramadol
CIDs00033746,Ketazolam
CIDs00034312,Oxcarbazepine
CIDs00034359,Carbidopa
CIDs00035370,Zidovudine
CIDs00035375,Etofenamate
CIDs00035455,Feprazone
CIDs00035734,Metrizamide
CIDs00035802,Flubendazole
CIDs00036283,Rimiterol
CIDs00036294,Tobramycin
CIDs00036314,Paclitaxel
CIDs00036462,Etoposide
CIDs00036811,Dobutamine
CIDs00036921,Ticarcillin
CIDs00037464,Penbutolol
CIDs00037542,Ribavirin
CIDs00037768,Amikacin
CIDs00038103,Cephradine
CIDs00039031,Sulbenicillin
CIDs00039042,Bezafibrate
CIDs00039147,Nadolol
CIDs00039186,Diltiazem
CIDs00039468,Levobunolol
CIDs00039912,Dexibuprofen
CIDs00040326,Permethrin
CIDs00040632,Pirfenidone
CIDs00040692,Mefloquine
CIDs00040839,Vindesine
CIDs00040973,Desogestrel
CIDs00041049,Meptazinol
CIDs00041693,Sufentanil
CIDs00041774,Acarbose
CIDs00041781,Torasemide
CIDs00042113,Desflurane
CIDs00042396,Prenalterol
CIDs00043672,Piperacillin
CIDs00043815,Paroxetine
CIDs00044093,Captopril
CIDs00044564,Lodoxamide
CIDs00047319,Atracurium
CIDs00047528,Nicorandil
CIDs00047725,Goserelin
CIDs00047811,Pergolide
CIDs00051263,Alfentanil
CIDs00051634,Miglustat
CIDs00053232,Lovastatin
CIDs00053708,Enoximone
CIDs00054158,Mebrofenin
CIDs00054454,Simvastatin
CIDs00054687,Pravastatin
CIDs00054746,Cabergoline
CIDs00055245,Mifepristone
CIDs00055283,Itraconazole
CIDs00055483,Dopexamine
CIDs00055645,Quinagolide
CIDs00056012,Tazobactam
CIDs00056959,Ranolazine
CIDs00057363,Finasteride
CIDs00057469,Imiquimod
CIDs00059768,Esmolol
CIDs00060026,Nateglinide
CIDs00060149,Sertindole
CIDs00060164,Adapalene
CIDs00060198,Exemestane
CIDs00060606,Clopidogrel
CIDs00060613,Cidofovir
CIDs00060648,Tiagabine
CIDs00060795,Aripiprazole
CIDs00060825,Lamivudine
CIDs00060846,Valsartan
CIDs00060855,Zanamivir
CIDs00060857,Zolmitriptan
CIDs00060877,Emtricitabine
CIDs00060953,Capecitabine
CIDs00062816,Colestipol
CIDs00062930,Norelgestromin
CIDs00064139,Efavirenz
CIDs00064685,Borneol
CIDs00064949,Propamidine
CIDs00065016,Amprenavir
CIDs00065028,Oseltamivir
CIDs00065054,Benethamine Penicillin
CIDs00065130,Hexamidine
CIDs00065492,Iopamidol
CIDs00065628,Bendamustine
CIDs00065632,Erdosteine
CIDs00065720,Terizidone
CIDs00065856,Reboxetine
CIDs00065866,Lercanidipine
CIDs00065906,Mizolastine
CIDs00065947,Prulifloxacin
CIDs00065981,Repaglinide
CIDs00065985,Iobitridol
CIDs00066379,Stannous Pyrophosphate
CIDs00067425,Gallamine
CIDs00068570,Estradiol
CIDs00068740,Zoledronic Acid
CIDs00068783,Nomegestrol
CIDs00068844,Brinzolamide
CIDs00068861,Dienogest
CIDs00068870,Tianeptine
CIDs00068873,Drospirenone
CIDs00068911,Artemether
CIDs00068926,Trimegestone
CIDs00069188,Ethyl Nicotinate
CIDs00071082,Ornithine
CIDs00071158,Acamprosate
CIDs00071301,Nebivolol
CIDs00071384,Dexrazoxane
CIDs00071616,Voriconazole
CIDs00071645,Mexenone
CIDs00071771,Aceclofenac
CIDs00072081,Terlipressin
CIDs00072474,Grepafloxacin
CIDs00073303,Doripenem
CIDs00074989,Atovaquone
CIDs00077992,Frovatriptan
CIDs00077993,Eletriptan
CIDs00082146,Bexarotene
CIDs00082148,Agomelatine
CIDs00082153,Flunisolide
CIDs00084029,Clarithromycin
CIDs00089594,Nicotine
CIDs00090202,Hexyl Nicotinate
CIDs00091061,Alphadolone Acetate
CIDs00091476,Lactitol
CIDs00091488,Fluocinolone
CIDs00091610,Gliquidone
CIDs00092253,Levobupivacaine
CIDs00092727,Lopinavir
CIDs00092863,Penicillamine
CIDs00103023,Sorbitan
CIDs00104741,Fulvestrant
CIDs00104760,Yttrium-90
CIDs00104838,Imipenem
CIDs00104845,Alphaxalone
CIDs00104865,Bosentan
CIDs00104976,Molybdenum-99
CIDs00105162,Fluorine-18
CIDs00107807,Perindopril
CIDs00108061,Disperse Blue 106
CIDs00110635,Tadalafil
CIDs00115237,Paliperidone
CIDs00119607,Valdecoxib
CIDs00119828,Parecoxib
CIDs00121892,Retigabine
CIDs00122262,Piperaquine
CIDs00123606,Almotriptan
CIDs00123631,Gefitinib
CIDs00124087,Desloratadine
CIDs00126941,Methotrexate
CIDs00129211,Tamsulosin
CIDs00129228,Rufinamide
CIDs00130313,Sulbactam
CIDs00131204,Dexpanthenol
CIDs00131682,Safinamide
CIDs00132971,Abiraterone
CIDs00132999,Ivabradine
CIDs00134018,Febuxostat
CIDs00134019,Pixantrone
CIDs00134780,Pomalidomide
CIDs00145068,Nitric Oxide
CIDs00146570,Escitalopram
CIDs00148192,Atazanavir
CIDs00149096,Levofloxacin
CIDs00150311,Ezetimibe
CIDs00150610,Ertapenem
CIDs00151166,Lumiracoxib
CIDs00154417,Hyoscyamine
CIDs00156054,Almasilate
CIDs00156391,Naproxen
CIDs00157920,Lubiprostone
CIDs00158781,Olmesartan
CIDs00159269,Telbivudine
CIDs00160051,Colesevelam
CIDs00162637,Sodium Tartrate
CIDs00166548,Anidulafungin
CIDs00170361,Varenicline
CIDs00171758,Temocillin
CIDs00174174,Atropine
CIDs00176870,Erlotinib
CIDs00185460,Bilastine
CIDs00189821,Deflazacort
CIDs00193653,Carbocisteine
CIDs00193962,Etravirine
CIDs00203911,Deptropine
CIDs00208898,Dronedarone
CIDs00208908,Lapatinib
CIDs00213039,Darunavir
CIDs00213046,Lurasidone
CIDs00216210,Dabigatran
CIDs00216235,Sitaxsentan
CIDs00216237,Tolvaptan
CIDs00216239,Sorafenib
CIDs00216326,Lenalidomide
CIDs00219078,Lacosamide
CIDs00219084,Gadoxetic Acid
CIDs00221493,Cholic Acid
CIDs00222786,Cortisone
CIDs00229860,Hydrocortisone
CIDs00248271,Methenolone Enanthate
CIDs00259331,Estramustine
CIDs00272833,Phenethicillin
CIDs00275196,Noscapine
CIDs00387447,Bortezomib
CIDs00392622,Ritonavir
CIDs00439693,Pentostatin
CIDs00441140,Griseofulvin
CIDs00441199,Cefoxitin
CIDs00441207,Digitoxin
CIDs00441290,Rocuronium
CIDs00441335,Mometasone
CIDs00441397,Bacampicillin
CIDs00441401,Linezolid
CIDs00443872,Eplerenone
CIDs00443943,Halcinonide
CIDs00443955,Vinpocetine
CIDs00444008,Tibolone
CIDs00444033,Ciclesonide
CIDs00445580,Docosahexaenoic Acid
CIDs00445643,Tacrolimus
CIDs00446155,Fluvastatin
CIDs00446157,Rosuvastatin
CIDs00446596,Mupirocin
CIDs00446598,Clindamycin
CIDs00447043,Azithromycin
CIDs00448537,Estrogen
CIDs00448812,Eptifibatide
CIDs00449171,Alitretinoin
CIDs00449193,Roflumilast
CIDs00451668,Decitabine
CIDs00452548,Teniposide
CIDs00452550,Tyrothricin
CIDs00456201,Ketoconazole
CIDs00460612,Melphalan
CIDs00468595,Posaconazole
CIDs00471161,Maribavir
CIDs00477468,Micafungin
CIDs00522606,Sodium Perchlorate
CIDs00540288,Parthenium
CIDs00610479,Tolfenamic Acid
CIDs00636392,Pentetreotide
CIDs00637511,Cinnamaldehyde
CIDs00637566,Geraniol
CIDs00637568,Dimethyl Fumarate
CIDs00643460,Sorbic Acid
CIDs00644073,Buprenorphine
CIDs00656511,Mezlocillin
CIDs00656583,Trilostane
CIDs00666418,Prothionamide
CIDs00667467,Chlorprothixene
CIDs00667477,Doxepin
CIDs00688020,Crotamiton
CIDs00697993,2-Mercaptobenzothiazole
CIDs00708857,Pyrantel
CIDs00736282,Lobeline
CIDs00853433,Isoeugenol
CIDs00941361,Flunarizine
CIDs01201549,Benztropine
CIDs01547484,Cinnarizine
CIDs01548943,Capsaicin
CIDs02724354,Succimer
CIDs02724385,Digoxin
CIDs02761171,Ethionamide
CIDs02826718,Caspofungin
CIDs03000226,Fusidic Acid
CIDs03001055,Ranitidine
CIDs03002190,Telithromycin
CIDs03002977,Maraviroc
CIDs03010818,Telaprevir
CIDs03011155,Nelarabine
CIDs03033637,Nizatidine
CIDs03033825,Levosimendan
CIDs03033860,Loprazolam
CIDs03033887,Ranitidine Bismuth Citrate
CIDs03033968,Gestodene
CIDs03034010,Orlistat
CIDs03036505,Ospemifene
CIDs03036780,Asenapine
CIDs03052762,Prucalopride
CIDs03081361,Vandetanib
CIDs03085017,Sevelamer
CIDs04369359,Sitagliptin
CIDs04474062,Flosequinan
CIDs04659569,Tolcapone
CIDs04715169,Pregabalin
CIDs05251503,Noxythiolin
CIDs05273469,Benzyl Cinnamate
CIDs05280965,Amphotericin B
CIDs05280980,Clavulanic Acid
CIDs05281004,Budesonide
CIDs05281006,Cefprozil
CIDs05281034,Oxymetholone
CIDs05281037,Eprosartan
CIDs05281040,Montelukast
CIDs05281042,Mivacurium
CIDs05281071,Olopatadine
CIDs05281075,Carboprost
CIDs05281081,Entacapone
CIDs05281099,Natamycin
CIDs05281104,Paricalcitol
CIDs05281613,Diosmin
CIDs05281881,Flupenthixol
CIDs05282226,Travoprost
CIDs05282375,Etretinate
CIDs05282379,Isotretinoin
CIDs05282381,Misoprostol
CIDs05282411,Epoprostenol
CIDs05282412,Indocyanine Green
CIDs05282593,Homatropine
CIDs05283734,Tacalcitol
CIDs05284371,Codeine
CIDs05284513,Acitretin
CIDs05284514,Acrivastine
CIDs05284533,Chlormadinone
CIDs05284537,Cyproterone
CIDs05284543,Dihydrocodeine
CIDs05284549,Dorzolamide
CIDs05284555,Estropipate
CIDs05284569,Hydrocodone
CIDs05284570,Hydromorphone
CIDs05284583,Levetiracetam
CIDs05284594,Nalmefene
CIDs05284596,Naloxone
CIDs05284603,Oxycodone
CIDs05284627,Topiramate
CIDs05288783,Calcipotriol
CIDs05288826,Morphine
CIDs05310993,Acipimox
CIDs05311000,Alclometasone
CIDs05311010,Atosiban
CIDs05311027,Bimatoprost
CIDs05311051,Clobetasol
CIDs05311068,Dexmedetomidine
CIDs05311101,Fluticasone
CIDs05311181,Iloprost
CIDs05311217,Lacidipine
CIDs05311221,Latanoprost
CIDs05311266,Magnesium Trisilicate
CIDs05311304,Nalbuphine
CIDs05311309,Nateglinide
CIDs05311356,Pholcodine
CIDs05311412,Rimexolone
CIDs05311454,Stiripentol
CIDs05311497,Vinorelbine
CIDs05311507,Zuclopenthixol
CIDs05315892,Cinnamyl Alcohol
CIDs05323714,Furazolidone
CIDs05328940,Bosutinib
CIDs05329102,Sunitinib
CIDs05330286,Palbociclib
CIDs05359272,Levorphanol
CIDs05359371,Levallorphan
CIDs05360373,Bleomycin
CIDs05360515,Naltrexone
CIDs05360696,Dextromethorphan
CIDs05361092,Butorphanol
CIDs05362065,Cefixime
CIDs05362129,Ramipril
CIDs05362440,Indinavir
CIDs05368010,Crotethamide
CIDs05388906,Bedaquiline
CIDs05388937,Quinupristin
CIDs05447130,Nitrofurazone
CIDs05460037,Dextran
CIDs05462099,Indium-111
CIDs05464343,Imidapril
CIDs05479529,Cefuroxime
CIDs05479530,Ceftriaxone
CIDs05479537,Cefepime
CIDs05479539,Cefpirome
CIDs05481173,Ceftazidime
CIDs05484727,Trandolapril
CIDs05486699,Troxerutin
CIDs05486971,Pregabalin
CIDs05487426,Tiotropium Bromide
CIDs05493444,Aliskiren
CIDs05702160,Famotidine
CIDs05742673,Cefotaxime
CIDs05742832,Aztreonam
CIDs06178111,Proguanil
CIDs06323289,Dalfopristin
CIDs06324616,Rifamycin
CIDs06326970,Selenium
CIDs06335825,Radium-223
CIDs06335986,Cefpodoxime
CIDs06400916,Methylprednisolone
CIDs06433272,Nystatin
CIDs06433427,Nifuratel
CIDs06433516,Simethicone
CIDs06434870,Gemeprost
CIDs06435415,Cilastatin
CIDs06435893,Cyclosporin
CIDs06436173,Rifaximin
CIDs06442177,Everolimus
CIDs06450551,Axitinib
CIDs06451149,Netupitant
CIDs06451164,Rilpivirine
CIDs06473881,Parthenolide
CIDs06480466,Delamanid
CIDs06509979,Pimecrolimus
CIDs06533629,Ceftizoxime
CIDs06540478,Norgestimate
CIDs06604200,Nitrofurantoin
CIDs06708482,Fosinopril
CIDs06915944,Cefdinir
CIDs06917715,Etonogestrel
CIDs06918140,Treprostinil
CIDs06918155,Ciclesonide
CIDs06918182,Strontium Ranelate
CIDs06918289,Temsirolimus
CIDs06918296,Dutasteride
CIDs06918456,Prasugrel
CIDs06918485,Isavuconazole
CIDs06918493,Ambrisentan
CIDs06918537,Vildagliptin
CIDs06918554,Indacaterol
CIDs06918558,Fesoterodine
CIDs06918670,Ingenol Mebutate
CIDs06918837,Panobinostat
CIDs09552079,Chlorhexidine
CIDs09568512,Thiacetazone
CIDs09796590,Orteronel
CIDs09820753,Exametazime
CIDs09823820,Lenvatinib
CIDs09829523,Midostaurin
CIDs09835049,Avibactam
CIDs09837243,Brivaracetam
CIDs09852519,Avatrombopag
CIDs09852981,Ceftaroline Fosamil
CIDs09853053,Lomitapide
CIDs09853654,Pentagastrin
CIDs09854073,Cabazitaxel
CIDs09865528,Mirabegron
CIDs09868491,Tafluprost
CIDs09869929,Avanafil
CIDs09875401,Rivaroxaban
CIDs09881504,Eslicarbazepine
CIDs09882105,Treosulfan
CIDs09887712,Dapagliflozin
CIDs09911830,Tivozanib
CIDs09913767,Selexipag
CIDs09915743,Neratinib
CIDs09924495,Perampanel
CIDs09926791,Tofacitinib
CIDs09948102,Pitolisant
CIDs09966051,Vortioxetine
CIDs10034073,Fidaxomicin
CIDs10096344,Linagliptin
CIDs10113978,Pazopanib
CIDs10127622,Selumetinib
CIDs10182969,Apixaban
CIDs10184653,Afatinib
CIDs10184665,Vilanterol
CIDs10221470,Artenimol
CIDs10280735,Edoxaban
CIDs10288191,Binimetinib
CIDs10324367,Boceprevir
CIDs10482134,Glycerol Phenylbutyrate
CIDs10629256,Vinflunine
CIDs11001318,Tafamidis
CIDs11002006,Naloxol
CIDs11154555,Cariprazine
CIDs11167602,Regorafenib
CIDs11219835,Ataluren
CIDs11234049,Tedizolid
CIDs11243969,Saxagliptin
CIDs11245343,Prednisolone
CIDs11304743,Riociguat
CIDs11315474,Apatinib
CIDs11319217,Fostemsavir
CIDs11354606,Eribulin
CIDs11363176,Ponesimod
CIDs11434515,Aclidinium
CIDs11450633,Alogliptin
CIDs11511120,Dacomitinib
CIDs11518241,Trifarotene
CIDs11528249,Voclosporin
CIDs11556711,Carfilzomib
CIDs11561674,Apremilast
CIDs11625818,Idelalisib
CIDs11626560,Crizotinib
CIDs11663568,Retapamulin
CIDs11671467,Fostamatinib
CIDs11949646,Empagliflozin
CIDs11954369,Diflucortolone
CIDs11960529,Veliparib
CIDs12041444,Gadobutrol
CIDs13505246,Ursodeoxycholic Acid
CIDs13559281,Ulipristal
CIDs15951529,Enzalutamide
CIDs16004692,Macitentan
CIDs16129704,Bivalirudin
CIDs16129778,Tannic Acid
CIDs16130199,Enfuvirtide
CIDs16134395,Daptomycin
CIDs16135415,Ziconotide
CIDs16136245,Degarelix
CIDs16137271,Insulin Detemir
CIDs16220172,Ivacaftor
CIDs16222096,Cobimetinib
CIDs16678941,Lumacaftor
CIDs16681432,Carbetocin
CIDs16722836,Fedratinib
CIDs20054914,Fluclorolone Acetonide
CIDs21252245,Chenodeoxycholic Acid
CIDs23725625,Olaparib
CIDs24776445,Vismodegib
CIDs24812758,Canagliflozin
CIDs24826799,Ponatinib
CIDs24873435,Simeprevir
CIDs24958200,Niraparib
CIDs25025298,Telotristat
CIDs25062766,Momelotinib
CIDs25074470,Triptorelin
CIDs25077649,Nafarelin
CIDs25102847,Cabozantinib
CIDs25151504,Cobicistat
CIDs25166913,Glasdegib
CIDs25183872,Ixazomib
CIDs44129647,Relebactam
CIDs44205240,Baricitinib
CIDs44263835,Collodion
CIDs44462760,Dabrafenib
CIDs44599207,Siponimod
CIDs44631912,Ribociclib
CIDs44814423,Ertugliflozin
CIDs45138674,Letermovir
CIDs45358122,Deoxycholic Acid
CIDs45375808,Sofosbuvir
CIDs46220502,Abemaciclib
CIDs49846579,Venetoclax
CIDs51049968,Rimegepant
CIDs52938427,Ozanimod
CIDs53911549,Fusidic Acid
CIDs54671203,Doxycycline
CIDs54675779,Oxytetracycline
CIDs54680675,Clomocycline
CIDs54684141,Teriflunomide
CIDs54707177,Lymecycline
CIDs54726192,Eravacycline
CIDs54767916,Ombitasvir
CIDs56603655,Pegaptanib
CIDs56843331,Semaglutide
CIDs57379345,Ceritinib
CIDs58460047,Doravirine
CIDs67505836,Ledipasvir
CIDs67683363,Velpatasvir
CIDs70683024,Pegfilgrastim
CIDs71661251,Elbasvir
CIDs73348210,Pasireotide
CIDs76324338,Spiramycin
CIDs86278348,Ferric Derisomaltose
CIDs86278362,Pegvaliase
CIDs90472060,Lixisenatide
CIDm00000187,Acetylcholine
CIDm00000204,Allantoin
CIDm00000205,Threonine
CIDm00000222,Ammonia
CIDm00000232,Arginine
CIDm00000236,Asparagine
CIDm00000239,Beta-Alanine
CIDm00000244,Benzyl Alcohol
CIDm00000247,Betaine
CIDm00000280,Carbon Dioxide
CIDm00000298,Chloramphenicol
CIDm00000305,Choline
CIDm00000307,Cinnamaldehyde
CIDm00000308,Cinnamyl Alcohol
CIDm00000311,Citric Acid
CIDm00000389,Ornithine
CIDm00000401,Cycloserine
CIDm00000444,Bupropion
CIDm00000450,Estradiol
CIDm00000453,Mannitol
CIDm00000460,Guaiacol
CIDm00000596,Cytarabine
CIDm00000602,Alanine
CIDm00000611,Glutamic Acid
CIDm00000681,Dopamine
CIDm00000698,Estrone
CIDm00000700,Ethanolamine
CIDm00000702,Ethanol
CIDm00000750,Glycine
CIDm00000753,Glycerol
CIDm00000772,Heparin
CIDm00000773,Histidine
CIDm00000774,Histamine
CIDm00000784,Hydrogen Peroxide
CIDm00000791,Isoleucine
CIDm00000815,Kanamycin
CIDm00000836,Levodopa
CIDm00000838,Epinephrine
CIDm00000857,Leucine
CIDm00000866,Lysine
CIDm00000876,Methionine
CIDm00000896,Melatonin
CIDm00000942,Nicotine
CIDm00000977,Oxygen
CIDm00000994,Phenylalanine
CIDm00000996,Phenol
CIDm00001046,Pyrazinamide
CIDm00001065,Quinine
CIDm00001115,Sucrose
CIDm00001123,Taurine
CIDm00001148,Tryptophan
CIDm00001153,Tyrosine
CIDm00001174,Uracil
CIDm00001775,Phenytoin
CIDm00001839,Nitrofurazone
CIDm00001935,Tacrine
CIDm00001972,Amphotericin B
CIDm00001978,Acebutolol
CIDm00001981,Acemetacin
CIDm00001983,Paracetamol
CIDm00001986,Acetazolamide
CIDm00001989,Acetohexamide
CIDm00002021,Spectinomycin
CIDm00002073,Ajmaline
CIDm00002082,Albendazole
CIDm00002083,Salbutamol
CIDm00002092,Alfuzosin
CIDm00002118,Alprazolam
CIDm00002130,Amantadine
CIDm00002141,Amifostine
CIDm00002142,Amikacin
CIDm00002145,Aminoglutethimide
CIDm00002153,Theophylline
CIDm00002159,Amisulpride
CIDm00002160,Amitriptyline
CIDm00002162,Amlodipine
CIDm00002168,Amorolfine
CIDm00002170,Amoxapine
CIDm00002172,Clavulanic Acid
CIDm00002175,Sultamicillin
CIDm00002177,Amprenavir
CIDm00002179,Amsacrine
CIDm00002187,Anastrozole
CIDm00002200,Antazoline
CIDm00002202,Dithranol
CIDm00002216,Apraclonidine
CIDm00002232,Argatroban
CIDm00002244,Aspirin
CIDm00002247,Astemizole
CIDm00002249,Atenolol
CIDm00002250,Atorvastatin
CIDm00002265,Azathioprine
CIDm00002266,Azelaic Acid
CIDm00002267,Azelastine
CIDm00002269,Azithromycin
CIDm00002274,Aztreonam
CIDm00002282,Bacampicillin
CIDm00002284,Baclofen
CIDm00002315,Bendrofluazide
CIDm00002327,Benserazide
CIDm00002333,Benzbromarone
CIDm00002337,Benzocaine
CIDm00002343,Benzthiazide
CIDm00002344,Benztropine
CIDm00002349,Penicillin
CIDm00002366,Betahistine
CIDm00002368,Bethanidine
CIDm00002369,Betaxolol
CIDm00002370,Bethanechol
CIDm00002375,Bicalutamide
CIDm00002378,Bifonazole
CIDm00002381,Biperiden
CIDm00002405,Bisoprolol
CIDm00002431,Bretylium
CIDm00002435,Brimonidine
CIDm00002441,Bromazepam
CIDm00002443,Bromocriptine
CIDm00002450,Bronopol
CIDm00002462,Budesonide
CIDm00002466,Bufexamac
CIDm00002471,Bumetanide
CIDm00002474,Bupivacaine
CIDm00002476,Buprenorphine
CIDm00002477,Buspirone
CIDm00002484,Butenafine
CIDm00002487,Butorphanol
CIDm00002512,Cabergoline
CIDm00002519,Caffeine
CIDm00002520,Verapamil
CIDm00002522,Calcipotriol
CIDm00002537,Camphor
CIDm00002538,Camptothecin
CIDm00002541,Candesartan
CIDm00002548,Capsaicin
CIDm00002550,Captopril
CIDm00002554,Carbamazepine
CIDm00002563,Carbidopa
CIDm00002564,Carbinoxamine
CIDm00002576,Carisoprodol
CIDm00002583,Carteolol
CIDm00002585,Carvedilol
CIDm00002609,Cefaclor
CIDm00002610,Cefadroxil
CIDm00002612,Cephalothin
CIDm00002622,Cefepime
CIDm00002646,Cefprozil
CIDm00002650,Ceftazidime
CIDm00002655,Ceftizoxime
CIDm00002662,Celecoxib
CIDm00002663,Celiprolol
CIDm00002673,Cephradine
CIDm00002675,Cefixime
CIDm00002678,Cetirizine
CIDm00002707,Chloral Hydrate
CIDm00002708,Chlorambucil
CIDm00002712,Chlordiazepoxide
CIDm00002713,Chlorhexidine
CIDm00002717,Chlormezanone
CIDm00002719,Chloroquine
CIDm00002723,Chloroxylenol
CIDm00002725,Chlorpheniramine
CIDm00002726,Chlorpromazine
CIDm00002727,Chlorpropamide
CIDm00002729,Chlorprothixene
CIDm00002732,Chlorthalidone
CIDm00002751,Cilazapril
CIDm00002754,Cilostazol
CIDm00002756,Cimetidine
CIDm00002761,Cinnarizine
CIDm00002762,Cinoxacin
CIDm00002763,Ciprofibrate
CIDm00002764,Ciprofloxacin
CIDm00002769,Cisapride
CIDm00002771,Citalopram
CIDm00002781,Clemastine
CIDm00002782,Clemizole
CIDm00002783,Clenbuterol
CIDm00002786,Clindamycin
CIDm00002788,Clioquinol
CIDm00002789,Clobazam
CIDm00002794,Clofazimine
CIDm00002796,Clofibrate
CIDm00002801,Clomipramine
CIDm00002802,Clonazepam
CIDm00002803,Clonidine
CIDm00002804,Clopamide
CIDm00002806,Clopidogrel
CIDm00002812,Clotrimazole
CIDm00002833,Colchicine
CIDm00002866,Yohimbine
CIDm00002883,Crotamiton
CIDm00002893,Cyclandelate
CIDm00002895,Cyclobenzaprine
CIDm00002898,Cyclofenil
CIDm00002904,Cyclopenthiazide
CIDm00002905,Cyclopentolate
CIDm00002907,Cyclophosphamide
CIDm00002913,Cyproheptadine
CIDm00002949,Danazol
CIDm00002950,Danthron
CIDm00002955,Dapsone
CIDm00002972,Deferiprone
CIDm00002993,Dequalinium
CIDm00002995,Desipramine
CIDm00002998,Nonivamide
CIDm00002999,Gestodene
CIDm00003003,Dexamethasone
CIDm00003008,Dextromethorphan
CIDm00003015,Cyproterone
CIDm00003016,Diazepam
CIDm00003019,Diazoxide
CIDm00003037,Dichlorophen
CIDm00003038,Dichlorphenamide
CIDm00003042,Dicyclomine
CIDm00003054,Estrogen
CIDm00003059,Diflunisal
CIDm00003061,Digitoxin
CIDm00003062,Digoxin
CIDm00003063,Dihydrocodeine
CIDm00003066,Dihydroergotamine
CIDm00003100,Diphenhydramine
CIDm00003103,Diphenylpyraline
CIDm00003108,Dipyridamole
CIDm00003114,Disopyramide
CIDm00003117,Disulfiram
CIDm00003143,Docetaxel
CIDm00003148,Dolasetron
CIDm00003151,Domperidone
CIDm00003152,Donepezil
CIDm00003154,Dorzolamide
CIDm00003156,Doxapram
CIDm00003157,Doxazosin
CIDm00003158,Doxepin
CIDm00003162,Doxylamine
CIDm00003167,Drostanolone
CIDm00003168,Droperidol
CIDm00003181,Dydrogesterone
CIDm00003191,Ebastine
CIDm00003198,Econazole
CIDm00003202,Edrophonium
CIDm00003203,Efavirenz
CIDm00003219,Emedastine
CIDm00003222,Enalapril
CIDm00003226,Enflurane
CIDm00003229,Enoxacin
CIDm00003251,Ergotamine
CIDm00003255,Erythromycin
CIDm00003278,Ethacrynic Acid
CIDm00003279,Ethambutol
CIDm00003283,Ether
CIDm00003291,Ethosuximide
CIDm00003307,Etizolam
CIDm00003310,Etoposide
CIDm00003312,Etretinate
CIDm00003314,Eugenol
CIDm00003324,Famciclovir
CIDm00003325,Famotidine
CIDm00003331,Felbamate
CIDm00003333,Felodipine
CIDm00003335,Fenbufen
CIDm00003337,Fenfluramine
CIDm00003339,Fenofibrate
CIDm00003342,Fenoprofen
CIDm00003345,Fentanyl
CIDm00003348,Fexofenadine
CIDm00003350,Finasteride
CIDm00003354,Flavoxate
CIDm00003364,Flucloxacillin
CIDm00003365,Fluconazole
CIDm00003366,Flucytosine
CIDm00003371,Flufenamic Acid
CIDm00003372,Fluphenazine
CIDm00003373,Flumazenil
CIDm00003375,Flumethasone
CIDm00003379,Flunisolide
CIDm00003380,Flunitrazepam
CIDm00003382,Fluocinonide
CIDm00003384,Fluorometholone
CIDm00003386,Fluoxetine
CIDm00003392,Flurandrenolone
CIDm00003393,Flurazepam
CIDm00003394,Flurbiprofen
CIDm00003396,Fluspirilene
CIDm00003397,Flutamide
CIDm00003403,Fluvastatin
CIDm00003404,Fluvoxamine
CIDm00003410,Formoterol
CIDm00003417,Fosfomycin
CIDm00003435,Furazolidone
CIDm00003440,Furosemide
CIDm00003443,Fusidic Acid
CIDm00003446,Gabapentin
CIDm00003449,Galantamine
CIDm00003461,Gemcitabine
CIDm00003462,Gemeprost
CIDm00003463,Gemfibrozil
CIDm00003467,Gentamicin
CIDm00003475,Gliclazide
CIDm00003476,Glimepiride
CIDm00003485,Glutaraldehyde
CIDm00003487,Glutethimide
CIDm00003488,Glibenclamide
CIDm00003510,Granisetron
CIDm00003512,Griseofulvin
CIDm00003518,Guanethidine
CIDm00003519,Guanfacine
CIDm00003553,Halcinonide
CIDm00003559,Haloperidol
CIDm00003562,Halothane
CIDm00003607,Hexetidine
CIDm00003610,Hexylresorcinol
CIDm00003623,Homatropine
CIDm00003637,Hydralazine
CIDm00003639,Hydrochlorothiazide
CIDm00003647,Hydroflumethiazide
CIDm00003648,Hydromorphone
CIDm00003652,Hydroxychloroquine
CIDm00003657,Hydroxyurea
CIDm00003658,Hydroxyzine
CIDm00003661,Atropine
CIDm00003672,Ibuprofen
CIDm00003675,Phenelzine
CIDm00003676,Lidocaine
CIDm00003686,Idebenone
CIDm00003690,Ifosfamide
CIDm00003693,Imidapril
CIDm00003695,Imipenem
CIDm00003696,Imipramine
CIDm00003702,Indapamide
CIDm00003706,Indinavir
CIDm00003715,Indomethacin
CIDm00003720,Inositol Nicotinate
CIDm00003724,Iodixanol
CIDm00003730,Iohexol
CIDm00003731,Iomeprol
CIDm00003734,Iopamidol
CIDm00003735,Iopanoic Acid
CIDm00003736,Iopromide
CIDm00003738,Iotrolan
CIDm00003739,Iodipamide
CIDm00003741,Ioversol
CIDm00003748,Iproniazid
CIDm00003749,Irbesartan
CIDm00003759,Isocarboxazid
CIDm00003760,Isoconazole
CIDm00003763,Isoflurane
CIDm00003767,Isoniazid
CIDm00003775,Isopropamide
CIDm00003778,Propyphenazone
CIDm00003783,Isoxsuprine
CIDm00003784,Isradipine
CIDm00003792,Itopride
CIDm00003793,Itraconazole
CIDm00003817,Lopinavir
CIDm00003821,Ketamine
CIDm00003822,Ketanserin
CIDm00003823,Ketoconazole
CIDm00003826,Ketorolac
CIDm00003827,Ketotifen
CIDm00003869,Labetalol
CIDm00003871,Lactitol
CIDm00003872,Lactulose
CIDm00003877,Lamivudine
CIDm00003878,Lamotrigine
CIDm00003879,Lanatoside C
CIDm00003883,Lansoprazole
CIDm00003890,Latanoprost
CIDm00003899,Leflunomide
CIDm00003902,Letrozole
CIDm00003912,Levallorphan
CIDm00003913,Levamisole
CIDm00003914,Levobunolol
CIDm00003915,Levocabastine
CIDm00003916,Levomepromazine
CIDm00003926,Lidoflazine
CIDm00003928,Lincomycin
CIDm00003929,Linezolid
CIDm00003937,Lisinopril
CIDm00003945,Lobeline
CIDm00003947,Lofepramine
CIDm00003948,Lomefloxacin
CIDm00003950,Lomustine
CIDm00003957,Loratadine
CIDm00003958,Lorazepam
CIDm00003961,Losartan
CIDm00003962,Lovastatin
CIDm00003964,Loxapine
CIDm00004004,Malathion
CIDm00004011,Maprotiline
CIDm00004020,Mazindol
CIDm00004030,Mebendazole
CIDm00004031,Mebeverine
CIDm00004041,Medazepam
CIDm00004044,Mefenamic Acid
CIDm00004046,Mefloquine
CIDm00004047,Mefruside
CIDm00004049,Meglumine
CIDm00004053,Melphalan
CIDm00004054,Memantine
CIDm00004057,Mepenzolate
CIDm00004062,Mepivacaine
CIDm00004064,Meprobamate
CIDm00004066,Mequitazine
CIDm00004075,Mesalazine
CIDm00004080,Mestranol
CIDm00004087,Metaraminol
CIDm00004089,Methenolone Enanthate
CIDm00004090,Metergoline
CIDm00004091,Metformin
CIDm00004093,Methacrylic Acid
CIDm00004095,Methadone
CIDm00004107,Methocarbamol
CIDm00004112,Methotrexate
CIDm00004116,Methoxyflurane
CIDm00004121,Methyclothiazide
CIDm00004138,Methyldopa
CIDm00004158,Methylphenidate
CIDm00004159,Methylprednisolone
CIDm00004163,Methysergide
CIDm00004168,Metoclopramide
CIDm00004170,Metolazone
CIDm00004171,Metoprolol
CIDm00004173,Metronidazole
CIDm00004174,Metyrapone
CIDm00004178,Mexiletine
CIDm00004184,Mianserin
CIDm00004189,Miconazole
CIDm00004192,Midazolam
CIDm00004195,Midodrine
CIDm00004196,Mifepristone
CIDm00004197,Milrinone
CIDm00004201,Minoxidil
CIDm00004205,Mirtazapine
CIDm00004211,Mitotane
CIDm00004235,Moclobemide
CIDm00004236,Modafinil
CIDm00004248,Montelukast
CIDm00004253,Morphine
CIDm00004259,Moxifloxacin
CIDm00004264,Mupirocin
CIDm00004274,Tetrofosmin
CIDm00004409,Nabumetone
CIDm00004411,Nadolol
CIDm00004417,Naftidrofuryl
CIDm00004419,Nalbuphine
CIDm00004421,Nalidixic Acid
CIDm00004422,Nalmefene
CIDm00004425,Naloxone
CIDm00004428,Naltrexone
CIDm00004440,Naratriptan
CIDm00004443,Nateglinide
CIDm00004449,Nefazodone
CIDm00004450,Nefopam
CIDm00004451,Nelfinavir
CIDm00004454,Neomycin
CIDm00004456,Neostigmine
CIDm00004458,Geraniol
CIDm00004460,Netilmicin
CIDm00004463,Nevirapine
CIDm00004477,Niclosamide
CIDm00004485,Nifedipine
CIDm00004497,Nimodipine
CIDm00004499,Nisoldipine
CIDm00004506,Nitrazepam
CIDm00004507,Nitrendipine
CIDm00004509,Nitrofurantoin
CIDm00004510,Glyceryl Trinitrate
CIDm00004513,Nizatidine
CIDm00004539,Norfloxacin
CIDm00004542,Levonorgestrel
CIDm00004543,Nortriptyline
CIDm00004544,Noscapine
CIDm00004547,Repaglinide
CIDm00004568,Nystatin
CIDm00004583,Levofloxacin
CIDm00004594,Omeprazole
CIDm00004595,Ondansetron
CIDm00004599,Orlistat
CIDm00004601,Orphenadrine
CIDm00004603,Oseltamivir
CIDm00004612,Oxamniquine
CIDm00004615,Oxatomide
CIDm00004616,Oxazepam
CIDm00004621,Oxethazaine
CIDm00004631,Oxprenolol
CIDm00004633,Oxybuprocaine
CIDm00004634,Oxybutynin
CIDm00004635,Oxycodone
CIDm00004636,Oxymetazoline
CIDm00004638,Oxymetholone
CIDm00004640,Oxypertine
CIDm00004641,Oxyphenbutazone
CIDm00004666,Paclitaxel
CIDm00004675,Pancuronium
CIDm00004678,Dexpanthenol
CIDm00004679,Pantoprazole
CIDm00004680,Papaverine
CIDm00004691,Paroxetine
CIDm00004692,Parthenolide
CIDm00004723,Pemoline
CIDm00004724,Penbutolol
CIDm00004734,Pentagastrin
CIDm00004735,Pentamidine
CIDm00004736,Pentazocine
CIDm00004737,Pentobarbital
CIDm00004739,Pentostatin
CIDm00004740,Pentoxifylline
CIDm00004745,Pergolide
CIDm00004748,Perphenazine
CIDm00004754,Phenacetin
CIDm00004756,Phenazopyridine
CIDm00004760,Phenindione
CIDm00004762,Phenmetrazine
CIDm00004763,Phenobarbital
CIDm00004764,Phenolphthalein
CIDm00004767,Phenothrin
CIDm00004768,Phenoxybenzamine
CIDm00004771,Phentermine
CIDm00004781,Phenylbutazone
CIDm00004782,Phenylephrine
CIDm00004810,Moxonidine
CIDm00004819,Pilocarpine
CIDm00004828,Pindolol
CIDm00004829,Pioglitazone
CIDm00004836,Tazobactam
CIDm00004837,Piperazine
CIDm00004843,Piracetam
CIDm00004848,Pirenzepine
CIDm00004849,Piretanide
CIDm00004857,Pivmecillinam
CIDm00004865,Podophyllotoxin
CIDm00004873,Potassium Chloride
CIDm00004875,Potassium Iodide
CIDm00004883,Practolol
CIDm00004885,Pramipexole
CIDm00004889,Pravastatin
CIDm00004890,Prazepam
CIDm00004891,Praziquantel
CIDm00004893,Prazosin
CIDm00004894,Prednisolone
CIDm00004900,Prednisone
CIDm00004906,Prilocaine
CIDm00004909,Primidone
CIDm00004911,Probenecid
CIDm00004912,Probucol
CIDm00004913,Procainamide
CIDm00004914,Procaine
CIDm00004915,Procarbazine
CIDm00004917,Prochlorperazine
CIDm00004919,Procyclidine
CIDm00004920,Progesterone
CIDm00004923,Proguanil
CIDm00004926,Promazine
CIDm00004927,Promethazine
CIDm00004932,Propafenone
CIDm00004934,Propantheline
CIDm00004942,Propiverine
CIDm00004943,Propofol
CIDm00004946,Propranolol
CIDm00004949,Propyliodone
CIDm00004976,Protriptyline
CIDm00004989,Pyrantel
CIDm00004991,Pyridostigmine
CIDm00004992,Mepyramine
CIDm00004993,Pyrimethamine
CIDm00005002,Quetiapine
CIDm00005005,Quinapril
CIDm00005029,Rabeprazole
CIDm00005032,Ephedrine
CIDm00005035,Raloxifene
CIDm00005038,Ramipril
CIDm00005039,Ranitidine
CIDm00005052,Reserpine
CIDm00005054,Resorcinol
CIDm00005064,Ribavirin
CIDm00005070,Riluzole
CIDm00005073,Risperidone
CIDm00005076,Ritonavir
CIDm00005077,Rivastigmine
CIDm00005078,Rizatriptan
CIDm00005090,Rofecoxib
CIDm00005095,Ropinirole
CIDm00005147,Salicylamide
CIDm00005152,Salmeterol
CIDm00005155,Stavudine
CIDm00005161,Salsalate
CIDm00005195,Selegiline
CIDm00005203,Sertraline
CIDm00005206,Sevoflurane
CIDm00005210,Sibutramine
CIDm00005235,Sodium Fluoride
CIDm00005241,Ipodate
CIDm00005251,Sorbic Acid
CIDm00005253,Sotalol
CIDm00005266,Spiramycin
CIDm00005267,Spironolactone
CIDm00005277,Stanozolol
CIDm00005291,Imatinib
CIDm00005297,Streptomycin
CIDm00005314,Suxamethonium
CIDm00005316,Sulbactam
CIDm00005317,Sulbenicillin
CIDm00005318,Sulconazole
CIDm00005319,Sulfabenzamide
CIDm00005324,Sulfaguanidine
CIDm00005352,Sulindac
CIDm00005355,Sulpiride
CIDm00005356,Sulthiame
CIDm00005358,Sumatriptan
CIDm00005359,Suprofen
CIDm00005366,Dalfopristin
CIDm00005372,Tacrolimus
CIDm00005373,Talampicillin
CIDm00005376,Tamoxifen
CIDm00005381,Tazarotene
CIDm00005386,Tegafur
CIDm00005391,Temazepam
CIDm00005394,Temozolomide
CIDm00005396,Teniposide
CIDm00005401,Terazosin
CIDm00005402,Terbinafine
CIDm00005403,Terbutaline
CIDm00005405,Terfenadine
CIDm00005408,Testosterone
CIDm00005411,Tetracaine
CIDm00005426,Thalidomide
CIDm00005430,Thiabendazole
CIDm00005440,Thiethylperazine
CIDm00005452,Thioridazine
CIDm00005453,Thiotepa
CIDm00005455,Thiram
CIDm00005466,Tiagabine
CIDm00005468,Tiaprofenic Acid
CIDm00005470,Tibolone
CIDm00005471,Ticarcillin
CIDm00005472,Ticlopidine
CIDm00005478,Timolol
CIDm00005479,Tinidazole
CIDm00005482,Tioconazole
CIDm00005483,Tiopronin
CIDm00005486,Tirofiban
CIDm00005487,Tizanidine
CIDm00005496,Tobramycin
CIDm00005503,Tolazamide
CIDm00005505,Tolbutamide
CIDm00005510,Tolnaftate
CIDm00005511,Tolperisone
CIDm00005512,Tolterodine
CIDm00005514,Topiramate
CIDm00005516,Toremifene
CIDm00005523,Tramadol
CIDm00005525,Trandolapril
CIDm00005526,Tranexamic Acid
CIDm00005530,Tranylcypromine
CIDm00005533,Trazodone
CIDm00005544,Triamcinolone
CIDm00005556,Triazolam
CIDm00005563,Triclofos
CIDm00005564,Triclosan
CIDm00005566,Trifluoperazine
CIDm00005574,Trimeprazine
CIDm00005578,Trimethoprim
CIDm00005584,Trimipramine
CIDm00005588,Triprolidine
CIDm00005593,Tropicamide
CIDm00005595,Tropisetron
CIDm00005596,Trospium
CIDm00005606,Tulobuterol
CIDm00005625,Delavirdine
CIDm00005650,Valsartan
CIDm00005656,Venlafaxine
CIDm00005665,Vigabatrin
CIDm00005666,Viloxazine
CIDm00005668,Vincamine
CIDm00005672,Vinorelbine
CIDm00005673,Vinpocetine
CIDm00005709,Xylometazoline
CIDm00005717,Zafirlukast
CIDm00005718,Zalcitabine
CIDm00005719,Zaleplon
CIDm00005721,Zanamivir
CIDm00005726,Zidovudine
CIDm00005731,Zolmitriptan
CIDm00005732,Zolpidem
CIDm00005733,Zomepirac
CIDm00005734,Zonisamide
CIDm00005735,Zopiclone
CIDm00005736,Zotepine
CIDm00005775,Phentolamine
CIDm00005878,Oxandrolone
CIDm00005956,Felypressin
CIDm00005978,Vincristine
CIDm00006018,Tetrabenazine
CIDm00006129,Carbaryl
CIDm00006212,Chloroform
CIDm00006256,Trifluridine
CIDm00006301,Chlorquinaldol
CIDm00006319,"N,N'-Diphenyl-P-Phenylenediamine"
CIDm00006374,Iodoform
CIDm00006389,Trichlorofluoromethane
CIDm00006391,Dichlorodifluoromethane
CIDm00006469,Ethoheptazine
CIDm00006616,Camphene
CIDm00006654,Alpha-Pinene
CIDm00006729,Buclizine
CIDm00006880,Glycol Salicylate
CIDm00006982,Chlorothymol
CIDm00006986,Menthone
CIDm00006989,Thymol
CIDm00007099,Proflavine
CIDm00007151,Methyl Nicotinate
CIDm00007187,Benzoyl Peroxide
CIDm00007191,Benzyl Nicotinate
CIDm00007338,Isoeugenol
CIDm00007652,Benzyl Cinnamate
CIDm00007697,Chlorphenesin
CIDm00007888,Hydroxycitronellal
CIDm00008042,Isopropyl Myristate
CIDm00009053,Fluocortolone
CIDm00009296,Treosulfan
CIDm00009331,Piritramide
CIDm00009354,Succimer
CIDm00009363,Ethamivan
CIDm00009417,Opipramol
CIDm00009433,Aminophylline
CIDm00009648,Dextromoramide
CIDm00009904,Nandrolone
CIDm00010049,Borneol
CIDm00010188,Dichloralphenazone
CIDm00010235,Cytisine
CIDm00010275,Amiphenazole
CIDm00010616,Ambucetamide
CIDm00010660,Dimenhydrinate
CIDm00010783,Chlormethiazole
CIDm00010987,Strontium Acetate
CIDm00011226,Phenoperidine
CIDm00011367,Diloxanide
CIDm00012215,Dimethyl Fumarate
CIDm00012555,Benzydamine
CIDm00013314,Lormetazepam
CIDm00013342,Vinblastine
CIDm00013355,Sodium Tartrate
CIDm00013505,Diphenoxylate
CIDm00014687,Ethynodiol
CIDm00014759,Amylmetacresol
CIDm00014781,Hydroxyapatite
CIDm00014791,Magnesium Hydroxide
CIDm00014792,Magnesium Oxide
CIDm00014797,Potassium Hydroxide
CIDm00014866,Nicoboxil
CIDm00014888,Arsenic Trioxide
CIDm00015020,Mesterolone
CIDm00015459,Metaxalone
CIDm00016065,Chlormadinone
CIDm00016229,Bamifylline
CIDm00016362,Pimozide
CIDm00016363,Benperidol
CIDm00016850,Fluorescein
CIDm00016886,Decitabine
CIDm00016887,Fast Green Fcf
CIDm00017100,Terpineol
CIDm00017134,Sulfadoxine
CIDm00017455,Diflucortolone
CIDm00017477,Ioglycamic Acid
CIDm00017506,Ethamsylate
CIDm00018140,Estramustine
CIDm00019005,Zinc Carbonate
CIDm00019090,Megestrol
CIDm00019190,Indocyanine Green
CIDm00019406,Fluclorolone Acetonide
CIDm00019861,Azatadine
CIDm00021054,Nifuratel
CIDm00021102,Benorylate
CIDm00021109,Trimetazidine
CIDm00021722,Iprindole
CIDm00021855,Dimethindene
CIDm00022258,Hydrocodone
CIDm00022530,Mebhydrolin
CIDm00023009,Nimorazole
CIDm00023429,Rifamycin
CIDm00023926,Lanthanum
CIDm00023930,Manganese
CIDm00023932,Molybdenum
CIDm00023957,Technetium-99m
CIDm00023987,Helium
CIDm00024266,Sodium Monofluorophosphate
CIDm00024403,Sodium Pyrophosphate
CIDm00024434,Potassium Nitrate
CIDm00024470,Silver Nitrate
CIDm00024502,Potassium Dichromate
CIDm00024550,Stannous Fluoride
CIDm00024699,Glyceryl Monostearate
CIDm00024733,Alphadolone Acetate
CIDm00024766,Chondroitin Sulfate
CIDm00025654,Reproterol
CIDm00026346,Cannabidiol
CIDm00026618,Xipamide
CIDm00026709,Deflazacort
CIDm00027125,Estetrol
CIDm00027400,Pizotifen
CIDm00027812,Gestrinone
CIDm00027991,Desmopressin
CIDm00030623,Dexrazoxane
CIDm00030951,Alclofenac
CIDm00031072,Carbimazole
CIDm00031378,Fludrocortisone
CIDm00031477,Metipranolol
CIDm00032797,Clobetasol
CIDm00033625,Indoramin
CIDm00033746,Ketazolam
CIDm00034312,Oxcarbazepine
CIDm00035375,Etofenamate
CIDm00035455,Feprazone
CIDm00035734,Metrizamide
CIDm00035802,Flubendazole
CIDm00036283,Rimiterol
CIDm00036339,Etomidate
CIDm00036811,Dobutamine
CIDm00037083,Norgestimate
CIDm00039042,Bezafibrate
CIDm00039507,Rimexolone
CIDm00039524,Stiripentol
CIDm00040027,Mezlocillin
CIDm00040159,Permethrin
CIDm00040632,Pirfenidone
CIDm00040839,Vindesine
CIDm00040973,Desogestrel
CIDm00041049,Meptazinol
CIDm00041317,Acitretin
CIDm00041693,Sufentanil
CIDm00041774,Acarbose
CIDm00041781,Torasemide
CIDm00042113,Desflurane
CIDm00042396,Prenalterol
CIDm00042615,Buserelin
CIDm00042955,Misoprostol
CIDm00044564,Lodoxamide
CIDm00047319,Atracurium
CIDm00047528,Nicorandil
CIDm00047725,Goserelin
CIDm00051263,Alfentanil
CIDm00051634,Miglustat
CIDm00053708,Enoximone
CIDm00054158,Mebrofenin
CIDm00054313,Iloprost
CIDm00054454,Simvastatin
CIDm00054547,Cefpodoxime
CIDm00054688,Clarithromycin
CIDm00054690,Cilastatin
CIDm00054786,Treprostinil
CIDm00055483,Dopexamine
CIDm00055645,Quinagolide
CIDm00055756,Acrivastine
CIDm00056959,Ranolazine
CIDm00057469,Imiquimod
CIDm00057537,Rotigotine
CIDm00059708,Levetiracetam
CIDm00059768,Esmolol
CIDm00060149,Sertindole
CIDm00060164,Adapalene
CIDm00060184,Perindopril
CIDm00060198,Exemestane
CIDm00060612,Dexmedetomidine
CIDm00060613,Cidofovir
CIDm00060787,Saquinavir
CIDm00060795,Aripiprazole
CIDm00060867,Levosimendan
CIDm00060877,Emtricitabine
CIDm00060953,Capecitabine
CIDm00062179,Loprazolam
CIDm00062816,Colestipol
CIDm00062924,Fluticasone
CIDm00062930,Norelgestromin
CIDm00062984,Ranitidine Bismuth Citrate
CIDm00064949,Propamidine
CIDm00065054,Benethamine Penicillin
CIDm00065130,Hexamidine
CIDm00065628,Bendamustine
CIDm00065632,Erdosteine
CIDm00065720,Terizidone
CIDm00065856,Reboxetine
CIDm00065866,Lercanidipine
CIDm00065906,Mizolastine
CIDm00065947,Prulifloxacin
CIDm00065985,Iobitridol
CIDm00066379,Stannous Pyrophosphate
CIDm00067425,Gallamine
CIDm00068613,Atosiban
CIDm00068733,Lacidipine
CIDm00068740,Zoledronic Acid
CIDm00068783,Nomegestrol
CIDm00068844,Brinzolamide
CIDm00068861,Dienogest
CIDm00068870,Tianeptine
CIDm00068873,Drospirenone
CIDm00068911,Artemether
CIDm00068926,Trimegestone
CIDm00068930,Alphaxalone
CIDm00069188,Ethyl Nicotinate
CIDm00071158,Acamprosate
CIDm00071217,Crotethamide
CIDm00071273,Ropivacaine
CIDm00071301,Nebivolol
CIDm00071316,Mivacurium
CIDm00071338,Quinupristin
CIDm00071616,Voriconazole
CIDm00071645,Mexenone
CIDm00071771,Aceclofenac
CIDm00072054,Darifenacin
CIDm00072081,Terlipressin
CIDm00072111,Rifaximin
CIDm00072128,Pentetreotide
CIDm00072474,Grepafloxacin
CIDm00073303,Doripenem
CIDm00073658,Telithromycin
CIDm00074989,Atovaquone
CIDm00077992,Frovatriptan
CIDm00077993,Eletriptan
CIDm00077996,Paricalcitol
CIDm00082146,Bexarotene
CIDm00082148,Agomelatine
CIDm00090202,Hexyl Nicotinate
CIDm00091488,Fluocinolone
CIDm00091610,Gliquidone
CIDm00093860,Bortezomib
CIDm00096312,Nelarabine
CIDm00102399,Dextran
CIDm00103023,Sorbitan
CIDm00104741,Fulvestrant
CIDm00104865,Bosentan
CIDm00108061,Disperse Blue 106
CIDm00108127,Tacalcitol
CIDm00110635,Tadalafil
CIDm00114709,Eslicarbazepine
CIDm00115066,Temocillin
CIDm00115237,Paliperidone
CIDm00119607,Valdecoxib
CIDm00119828,Parecoxib
CIDm00121892,Retigabine
CIDm00122262,Piperaquine
CIDm00122316,Rasagiline
CIDm00122872,Maribavir
CIDm00123597,Travoprost
CIDm00123606,Almotriptan
CIDm00123610,Eptifibatide
CIDm00123620,Mometasone
CIDm00123631,Gefitinib
CIDm00124087,Desloratadine
CIDm00125889,Pregabalin
CIDm00127909,Bimatoprost
CIDm00129228,Rufinamide
CIDm00129806,Rosuvastatin
CIDm00131682,Safinamide
CIDm00132971,Abiraterone
CIDm00132999,Ivabradine
CIDm00134018,Febuxostat
CIDm00134019,Pixantrone
CIDm00134780,Pomalidomide
CIDm00145068,Nitric Oxide
CIDm00147912,Posaconazole
CIDm00148127,Ospemifene
CIDm00148191,Temsirolimus
CIDm00148192,Atazanavir
CIDm00150310,Eplerenone
CIDm00150311,Ezetimibe
CIDm00150610,Ertapenem
CIDm00151166,Lumiracoxib
CIDm00151383,Fidaxomicin
CIDm00152945,Dutasteride
CIDm00156054,Almasilate
CIDm00156326,Asenapine
CIDm00157688,Vinflunine
CIDm00157920,Lubiprostone
CIDm00158781,Olmesartan
CIDm00160051,Colesevelam
CIDm00166548,Anidulafungin
CIDm00170361,Varenicline
CIDm00176870,Erlotinib
CIDm00176872,Everolimus
CIDm00185460,Bilastine
CIDm00193962,Etravirine
CIDm00197712,Ambrisentan
CIDm00208898,Dronedarone
CIDm00208908,Lapatinib
CIDm00213039,Darunavir
CIDm00213046,Lurasidone
CIDm00216209,Aliskiren
CIDm00216210,Dabigatran
CIDm00216235,Sitaxsentan
CIDm00216237,Tolvaptan
CIDm00216239,Sorafenib
CIDm00216326,Lenalidomide
CIDm00219078,Lacosamide
CIDm00219084,Gadoxetic Acid
CIDm00222786,Cortisone
CIDm00441332,Carboprost
CIDm00441382,Natamycin
CIDm00444033,Ciclesonide
CIDm00449193,Roflumilast
CIDm00452550,Tyrothricin
CIDm00477468,Micafungin
CIDm00483407,Maraviroc
CIDm00521308,Pholcodine
CIDm00522606,Sodium Perchlorate
CIDm00535161,Trilostane
CIDm00610479,Tolfenamic Acid
CIDm00656892,Bedaquiline
CIDm00666418,Prothionamide
CIDm00697993,2-Mercaptobenzothiazole
CIDm02733749,Thiacetazone
CIDm02761171,Ethionamide
CIDm03006171,Rilpivirine
CIDm03010818,Telaprevir
CIDm03052762,Prucalopride
CIDm03055172,Pimecrolimus
CIDm03081361,Vandetanib
CIDm03085017,Sevelamer
CIDm03086685,Axitinib
CIDm03086686,Sunitinib
CIDm04369359,Sitagliptin
CIDm04474062,Flosequinan
CIDm04630253,Alclometasone
CIDm04659568,Entacapone
CIDm04659569,Tolcapone
CIDm05251503,Noxythiolin
CIDm05251896,Vildagliptin
CIDm05281613,Diosmin
CIDm05310993,Acipimox
CIDm05311266,Magnesium Trisilicate
CIDm05328940,Bosutinib
CIDm05330286,Palbociclib
CIDm05360237,Troxerutin
CIDm05492271,Naloxol
CIDm06102852,Gadobutrol
CIDm06326970,Selenium
CIDm06331630,Eribulin
CIDm06398970,Cefdinir
CIDm06433091,Tapentadol
CIDm06433101,Tafluprost
CIDm06433117,Indacaterol
CIDm06433119,Rivaroxaban
CIDm06433516,Simethicone
CIDm06451149,Netupitant
CIDm06477186,Delamanid
CIDm06918182,Strontium Ranelate
CIDm06918456,Prasugrel
CIDm06918462,Retapamulin
CIDm06918485,Isavuconazole
CIDm06918486,Voclosporin
CIDm06918558,Fesoterodine
CIDm06918670,Ingenol Mebutate
CIDm06918837,Panobinostat
CIDm09796590,Orteronel
CIDm09811221,Cabazitaxel
CIDm09818231,Tofacitinib
CIDm09823820,Lenvatinib
CIDm09829523,Midostaurin
CIDm09834332,Brivaracetam
CIDm09835049,Avibactam
CIDm09852519,Avatrombopag
CIDm09853053,Lomitapide
CIDm09865528,Mirabegron
CIDm09869929,Avanafil
CIDm09887712,Dapagliflozin
CIDm09911830,Tivozanib
CIDm09912092,Apremilast
CIDm09913767,Selexipag
CIDm09915743,Neratinib
CIDm09916099,Letermovir
CIDm09924495,Perampanel
CIDm09941444,Pasireotide
CIDm09948102,Pitolisant
CIDm09966051,Vortioxetine
CIDm10096344,Linagliptin
CIDm10113978,Pazopanib
CIDm10127622,Selumetinib
CIDm10163178,Afatinib
CIDm10182969,Apixaban
CIDm10184665,Vilanterol
CIDm10280735,Edoxaban
CIDm10288191,Binimetinib
CIDm10311306,Rolapitant
CIDm10324367,Boceprevir
CIDm10440987,Carbetocin
CIDm10482134,Glycerol Phenylbutyrate
CIDm11001318,Tafamidis
CIDm11154555,Cariprazine
CIDm11163584,Alogliptin
CIDm11167602,Regorafenib
CIDm11219835,Ataluren
CIDm11224984,Ponesimod
CIDm11228026,Aclidinium
CIDm11234049,Tedizolid
CIDm11304743,Riociguat
CIDm11315474,Apatinib
CIDm11319217,Fostemsavir
CIDm11432307,Siponimod
CIDm11511120,Dacomitinib
CIDm11518241,Trifarotene
CIDm11556711,Carfilzomib
CIDm11597571,Crizotinib
CIDm11625818,Idelalisib
CIDm11671467,Fostamatinib
CIDm11842604,Veliparib
CIDm11949646,Empagliflozin
CIDm13559279,Ulipristal
CIDm15951529,Enzalutamide
CIDm16004692,Macitentan
CIDm16065945,Simeprevir
CIDm16129629,Daptomycin
CIDm16129690,Ziconotide
CIDm16129704,Bivalirudin
CIDm16129778,Tannic Acid
CIDm16130199,Enfuvirtide
CIDm16130957,Ganirelix
CIDm16136245,Degarelix
CIDm16220172,Ivacaftor
CIDm16222096,Cobimetinib
CIDm16678941,Lumacaftor
CIDm16722836,Fedratinib
CIDm17754772,Ruxolitinib
CIDm23725625,Olaparib
CIDm24776445,Vismodegib
CIDm24812758,Canagliflozin
CIDm24826799,Ponatinib
CIDm24900341,Daclatasvir
CIDm24950485,Cobicistat
CIDm24958198,Niraparib
CIDm25025295,Telotristat
CIDm25062766,Momelotinib
CIDm25074470,Triptorelin
CIDm25077405,Nafarelin
CIDm25094462,Sofosbuvir
CIDm25102847,Cabozantinib
CIDm25110515,Ozanimod
CIDm25166913,Glasdegib
CIDm25183872,Ixazomib
CIDm44129647,Relebactam
CIDm44205240,Baricitinib
CIDm44263835,Collodion
CIDm44462760,Dabrafenib
CIDm44631912,Ribociclib
CIDm44814423,Ertugliflozin
CIDm46220502,Abemaciclib
CIDm49846579,Venetoclax
CIDm49869707,Ledipasvir
CIDm51049968,Rimegepant
CIDm54677977,Teriflunomide
CIDm54680675,Clomocycline
CIDm54687131,Lymecycline
CIDm54726192,Eravacycline
CIDm54767916,Ombitasvir
CIDm56603655,Pegaptanib
CIDm56843331,Semaglutide
CIDm57330459,Elbasvir
CIDm57379345,Ceritinib
CIDm58460047,Doravirine
CIDm67682616,Velpatasvir
CIDm70683024,Pegfilgrastim
CIDm86278348,Ferric Derisomaltose
CIDm86278362,Pegvaliase
CIDs00000137,Aminolevulinic Acid
CIDs00000174,Polyethylene
CIDs00000253,Biotin
CIDs00000303,Sodium
CIDs00000338,Ethyl Salicylate
CIDs00000573,Beta Carotene
CIDs00000612,Sodium (S)-Lactate
CIDs00000614,Proline
CIDs00000745,Glutathione
CIDs00000785,Di-Iodohydroxyquinoline
CIDs00000785,Halquinol
CIDs00000785,Hydroxyquinoline
CIDs00000785,Quinoline Mixture
CIDs00000951,Noradrenaline
CIDs00000978,Aminobenzoic Acid
CIDs00000985,Isopropyl Palmitate
CIDs00001071,Retinol
CIDs00001110,Sodium Lauryl Ethyl Sulphosuccinate
CIDs00001254,Levomenthol
CIDs00001254,Racementhol
CIDs00001732,Cresol
CIDs00002330,Benzalkonium
CIDs00002683,Cetylpyridinium
CIDs00002720,Chlorothiazide
CIDs00002720,Polythiazide
CIDs00002758,Cineole
CIDs00002784,Clidinium
CIDs00002973,Desferrioxamine
CIDs00002997,Nordazepam
CIDs00003062,Digitalis
CIDs00003105,Dipivefrine
CIDs00003116,Distigmine
CIDs00003149,Domiphen
CIDs00003332,Demeclocycline
CIDs00003385,Fluorouracil
CIDs00003678,Alverine
CIDs00003746,Ipratropium
CIDs00004034,Meclozine
CIDs00004101,Methenamine
CIDs00004101,Silver
CIDs00004162,Methyprylone
CIDs00004212,Mitozantrone
CIDs00004374,Methylephedrine
CIDs00004627,Oxitropium
CIDs00004739,Vidarabine
CIDs00004832,Pipenzolate
CIDs00004904,Pridinol
CIDs00005215,Sulphadiazine
CIDs00005234,Linaclotide
CIDs00005320,Sulphacetamide
CIDs00005323,Sulphadimethoxine
CIDs00005325,Sulphamerazine
CIDs00005328,Sulphamethizole
CIDs00005329,Sulphamethoxazole
CIDs00005335,Sulphaphenazole
CIDs00005340,Sulphathiazole
CIDs00005342,Sulphinpyrazone
CIDs00005565,Trientine
CIDs00005634,Undecenoic Acid
CIDs00005746,Mitomycin
CIDs00005756,Oestriol
CIDs00005771,Oxytocin
CIDs00005857,Lynoestrenol
CIDs00005951,Serine
CIDs00006224,Sodium Acid Citrate
CIDs00006224,Sodium Citrate
CIDs00006287,Valine
CIDs00006651,Terpin
CIDs00007019,Aminoacridine
CIDs00007188,Carbon
CIDs00007188,Piper
CIDs00007628,Sodium Perborate
CIDs00007628,Tetrakis Copper Tetrafluoroborate
CIDs00008230,Vasopressin
CIDs00008612,Chloroprocaine
CIDs00010100,Dextropropoxyphene
CIDs00010631,Medroxyprogesterone
CIDs00011914,Mandelic Acid
CIDs00011974,Dibrompropamidine
CIDs00012035,Acetylcysteine
CIDs00014250,Human Clottable Protein
CIDs00014917,Calcium Fluoride
CIDs00014917,Sulphur Hexafluoride
CIDs00015684,Dichlorobenzyl Alcohol
CIDs00016960,Brompheniramine
CIDs00019003,Ciclacillin
CIDs00020469,Beclometasone
CIDs00021913,Carbenoxolone
CIDs00023576,Trimetaphan
CIDs00023703,Onasemnogene Abeparvovec
CIDs00023703,Urea Hydrogen Peroxide
CIDs00023993,Yttrium (90-Y) Dotatate
CIDs00024507,Potassium Sulphate
CIDs00024850,Aluminium Sulphate
CIDs00026815,Iron
CIDs00028864,Lysuride
CIDs00029327,Streptozocin
CIDs00031209,Alpha-Amylcinnamaldehyde
CIDs00031236,Phenoxyethanol
CIDs00031315,Oxyphenisatine
CIDs00031729,Ritodrine
CIDs00033613,Amoxycillin
CIDs00034055,Emepronium
CIDs00036523,Luteinising Hormone
CIDs00050294,Nedocromil
CIDs00062819,Follitropin Alfa
CIDs00062819,Follitropin Beta
CIDs00062819,Follitropin Delta
CIDs00062887,Cisatracurium
CIDs00062929,Norgestrel
CIDs00065111,Decyl Methyl Sulphoxide
CIDs00065358,Eudragits
CIDs00066376,Xenon Xe 133
CIDs00067678,Cystine
CIDs00071077,Serine
CIDs00071368,Sodium Iodide
CIDs00071380,Strontium Chloride
CIDs00071387,Clobetasone
CIDs00072454,Halofantrine
CIDs00078956,Tartaric Acid
CIDs00081263,Rhodiola
CIDs00091574,Zinc
CIDs00092093,N-Cyclohexyl-N'-Phenylparaphenylenediamine
CIDs00092093,Paraphenylenediamine
CIDs00104786,Chromium
CIDs00104905,Nickel
CIDs00107639,Nitrogen
CIDs00122218,Lecithin
CIDs00123127,Formaldehyde
CIDs00124886,Glutathione
CIDs00134971,Salicylic Acid
CIDs00136860,Acetic Acid
CIDs00145883,Sodium
CIDs00169298,Pinene (Alpha And Beta)
CIDs00171194,Senna
CIDs00172996,Liothyronine
CIDs00176077,Migalastat
CIDs00235905,Allyloestrenol
CIDs00287180,Acrosoxacin
CIDs00441074,Quinidine
CIDs00441477,Anti-D (Rho) Immunoglobulin
CIDs00444294,Camphorated Opium Tincture
CIDs00445621,Glucosamine
CIDs00446284,Eicosapentaenoic Acid
CIDs00448601,Octreotide
CIDs00636363,Urea
CIDs00656575,Cefsulodin
CIDs00656671,Sodium Metabisulphite
CIDs00657298,Propylthiouracil
CIDs00667476,Dienoestrol
CIDs00667490,Mercaptopurine
CIDs01712058,Alpha-Amylcinnamaldehyde
CIDs02723601,Thioguanine
CIDs03034756,Moxisylyte
CIDs03081442,Cobalt Chloride
CIDs05280805,Acalabrutinib
CIDs05280805,Ibrutinib
CIDs05280805,Oxerutins
CIDs05280805,Zanubrutinib
CIDs05284550,Dosulepin
CIDs05284558,Dexketoprofen
CIDs05284558,Ketoprofen
CIDs05284558,Sulfametopyrazine
CIDs05460439,Sirolimus
CIDs05461123,Silicone
CIDs05461982,Thallium
CIDs05486180,Ergometrine
CIDs05491664,Barium
CIDs06323266,Tipiracil
CIDs06328542,Potassium
CIDs06328547,Bismuth
CIDs06335512,Potassium Chloride (Potassium-42)
CIDs06335803,Calcium
CIDs06337039,Lithium
CIDs06337547,Magnesium
CIDs06398762,Ceftibuten
CIDs06398765,Rosa
CIDs06419973,Idoxuridine
CIDs06429875,Methandienone
CIDs06450358,Ivermectin
CIDs06603850,Flecainide
CIDs06603919,Orciprenaline
CIDs06728944,Rutoside
CIDs06914126,Dimethyl Ether
CIDs07098641,Protirelin
CIDs09865442,Loteprednol
CIDs09881577,Palmitic Acid
CIDs10334821,Duloxetine
CIDs10578170,Ibutamoren
CIDs10832988,Dinoprost
CIDs11051564,Ammonium Chloride
CIDs11182576,Potassium Thiocyanate
CIDs11182645,Nicotinic Acid
CIDs11228933,Mentha
CIDs11389380,Hydroquinone
CIDs11673481,Iobenguane
CIDs11726467,Bambuterol
CIDs12049213,Delorazepam
CIDs12208581,Sulfanilamide
CIDs12264368,Dimethyl Sulphoxide
CIDs12303748,Bromhexine
CIDs12877529,Diclofenac
CIDs12966981,Aminocaproic Acid
CIDs13000560,Benzoic Acid
CIDs16130140,Gramicidin
CIDs16132265,Corticotrophin
CIDs16132269,Gramicidin
CIDs16132283,Glucagon
CIDs16156130,Exenatide
CIDs16186200,Corticorelin
CIDs16211391,Sodium Acetate
CIDs16212001,Sodium Bicarbonate
CIDs16212252,Boric Acid
CIDs16213392,Succinic Acid
CIDs16213604,Phosphoric Acid
CIDs16216930,Methyl Salicylate
CIDs16217546,Lactic Acid
CIDs16219570,Gonadorelin
CIDs17753757,Crizanlizumab
CIDs18457515,Ethylenediamine
CIDs18457515,Ethylenediamine Diacetic Acid
CIDs22833874,Aprotinin
CIDs25203065,Dactinomycin
CIDs25216238,Ziprasidone
CIDs25224483,Nitric Acid
CIDs25225106,Rosiglitazone
CIDs25230784,Levocetirizine
CIDs25254387,Dapoxetine
CIDs42013940,Fenticonazole
CIDs44144393,Colistin
CIDs44450615,Polymyxin
CIDs45038720,Cyanamide
CIDs46780173,Carboplatin
CIDs46780922,Butriptyline
CIDs46782072,Lofexidine
CIDs46782127,Meropenem
CIDs46783103,Tolmetin
CIDs54146804,Choline Theophyllinate
CIDs54585418,Rimonabant
CIDs54676315,Ascorbic Acid
CIDs54676345,Chlortetracycline
CIDs54676345,Tetracycline
CIDs54682543,Meloxicam
CIDs54684470,Piroxicam
CIDs54697989,Minocycline
CIDs54727559,Warfarin
CIDs56627169,Sodium Phosphate
CIDs56841590,Sugammadex
CIDs57017735,Icatibant
CIDs57255515,Sodium Sulphate
CIDs57369425,Tipranavir
CIDs58203007,Cysteine
CIDs59847761,Glycopyrronium
CIDs71309005,Propylene Glycol
CIDs71309137,Malic Acid
CIDs71309219,Sodium Hydroxide
CIDs71309230,Sodium Lactate
CIDs71310294,Cetyl Alcohol
CIDs71310727,Prasterone
CIDs71312424,Sulphamethoxypyridazine
CIDs71749818,Dexamphetamine
CIDs71750765,Moexipril
CIDs71751457,Pamidronic Acid
CIDs71751604,Phenylbutyric Acid
CIDs71751717,Plerixafor
CIDs71752601,Tofenacin
CIDs71752924,Vilazodone
CIDs73415770,Gadofosveset
CIDs73995022,Casein
CIDs75125731,Methoxsalen
CIDs90768658,Inositol
CIDs91193406,Ethinylestradiol
CIDs91384429,Valproic Acid
CIDm00000137,Aminolevulinic Acid
CIDm00000174,Polyethylene
CIDm00000338,Ethyl Salicylate
CIDm00000581,Acetylcysteine
CIDm00000595,Cystine
CIDm00000612,Sodium (S)-Lactate
CIDm00000617,Serine
CIDm00000739,Anti-D (Rho) Immunoglobulin
CIDm00000745,Glutathione
CIDm00000785,Di-Iodohydroxyquinoline
CIDm00000785,Halquinol
CIDm00000785,Hydroxyquinoline
CIDm00000785,Quinoline Mixture
CIDm00000978,Aminobenzoic Acid
CIDm00000985,Isopropyl Palmitate
CIDm00001110,Sodium Lauryl Ethyl Sulphosuccinate
CIDm00001182,Valine
CIDm00001254,Levomenthol
CIDm00001254,Racementhol
CIDm00001732,Cresol
CIDm00002096,Allyloestrenol
CIDm00002171,Amoxycillin
CIDm00002308,Beclometasone
CIDm00002330,Benzalkonium
CIDm00002683,Cetylpyridinium
CIDm00002720,Chlorothiazide
CIDm00002720,Polythiazide
CIDm00002748,Ciclacillin
CIDm00002758,Cineole
CIDm00002784,Clidinium
CIDm00002891,Cobalt Sulphate
CIDm00002973,Desferrioxamine
CIDm00002997,Nordazepam
CIDm00003105,Dipivefrine
CIDm00003116,Distigmine
CIDm00003149,Domiphen
CIDm00003269,Oestriol
CIDm00003332,Demeclocycline
CIDm00003385,Fluorouracil
CIDm00003678,Alverine
CIDm00003746,Ipratropium
CIDm00003938,Lysuride
CIDm00004034,Meclozine
CIDm00004101,Methenamine
CIDm00004101,Silver
CIDm00004162,Methyprylone
CIDm00004212,Mitozantrone
CIDm00004374,Methylephedrine
CIDm00004627,Oxitropium
CIDm00004832,Pipenzolate
CIDm00004904,Pridinol
CIDm00005215,Sulphadiazine
CIDm00005234,Linaclotide
CIDm00005300,Streptozocin
CIDm00005320,Sulphacetamide
CIDm00005323,Sulphadimethoxine
CIDm00005325,Sulphamerazine
CIDm00005328,Sulphamethizole
CIDm00005329,Sulphamethoxazole
CIDm00005335,Sulphaphenazole
CIDm00005340,Sulphathiazole
CIDm00005342,Sulphinpyrazone
CIDm00005565,Trientine
CIDm00005634,Undecenoic Acid
CIDm00005746,Mitomycin
CIDm00005771,Oxytocin
CIDm00005857,Lynoestrenol
CIDm00006224,Sodium Acid Citrate
CIDm00006224,Sodium Citrate
CIDm00006651,Terpin
CIDm00007019,Aminoacridine
CIDm00007188,Carbon
CIDm00007188,Piper
CIDm00007628,Sodium Perborate
CIDm00007628,Tetrakis Copper Tetrafluoroborate
CIDm00008612,Chloroprocaine
CIDm00010100,Dextropropoxyphene
CIDm00010631,Medroxyprogesterone
CIDm00011974,Dibrompropamidine
CIDm00014250,Human Clottable Protein
CIDm00014917,Calcium Fluoride
CIDm00014917,Sulphur Hexafluoride
CIDm00015684,Dichlorobenzyl Alcohol
CIDm00023576,Trimetaphan
CIDm00023703,Onasemnogene Abeparvovec
CIDm00023703,Urea Hydrogen Peroxide
CIDm00023993,Yttrium (90-Y) Dotatate
CIDm00024507,Potassium Sulphate
CIDm00024850,Aluminium Sulphate
CIDm00031209,Alpha-Amylcinnamaldehyde
CIDm00031236,Phenoxyethanol
CIDm00031315,Oxyphenisatine
CIDm00034055,Emepronium
CIDm00036523,Luteinising Hormone
CIDm00050294,Nedocromil
CIDm00062819,Follitropin Alfa
CIDm00062819,Follitropin Beta
CIDm00062819,Follitropin Delta
CIDm00065111,Decyl Methyl Sulphoxide
CIDm00065358,Eudragits
CIDm00071387,Clobetasone
CIDm00081263,Rhodiola
CIDm00092093,N-Cyclohexyl-N'-Phenylparaphenylenediamine
CIDm00092093,Paraphenylenediamine
CIDm00169298,Pinene (Alpha And Beta)
CIDm00287180,Acrosoxacin
CIDm00656671,Sodium Metabisulphite
CIDm00657298,Propylthiouracil
CIDm00667490,Mercaptopurine
CIDm02723601,Thioguanine
CIDm05280805,Acalabrutinib
CIDm05280805,Ibrutinib
CIDm05280805,Oxerutins
CIDm05280805,Zanubrutinib
CIDm05311054,Polymyxin
CIDm05461123,Silicone
CIDm06323266,Tipiracil
CIDm09865442,Loteprednol
CIDm16130140,Gramicidin
CIDm16132265,Corticotrophin
CIDm16132283,Glucagon
CIDm16186200,Corticorelin
CIDm73995022,Casein
